,price,Style,Colour,Screen Size,Special Feature,Target Audience,Shape
0,1799.0,Modern,Black,1.83 ,bluetooth,"Unisex Teen, Unisex Adult",square
1,1799.0,Modern,Black,1.3 ,bluetooth,"Unisex Teen, Unisex Adult",square
2,1449.0,Modern,Black,1.69 ,bluetooth,"Unisex Teen, Unisex Adult",square
3,1299.0,Modern,Black,1.69 ,bluetooth,"Unisex Teen, Unisex Adult",square
4,1799.0,Modern,Pink,1.83 ,bluetooth,"Unisex Teen, Unisex Adult",square
5,1299.0,Modern,Green,1.69 ,bluetooth,"Unisex Teen, Unisex Adult",square
6,1999.0,Modern,Black,1.28 ,bluetooth,"Unisex Teen, Unisex Adult",square
7,2999.0,Modern,Black,1.96 ,bluetooth,"Unisex Teen, Unisex Adult",square
8,1799.0,Modern,Silver Grey,1.3 ,bluetooth,"Unisex Teen, Unisex Adult",square
9,1799.0,Modern,Navy Blue,1.83 ,bluetooth,"Unisex Teen, Unisex Adult",square
10,1799.0,Modern,Rose Gold,1.3 ,bluetooth,"Unisex Teen, Unisex Adult",square
11,4999.0,Modern,Black,1.6 ,bluetooth,"Unisex Teen, Unisex Adult",round
12,11472.784594095941,Modern,Black,1.78 ,bluetooth,"Unisex Teen, Unisex Adult",sqaure
13,3799.0,Modern,Black,1.78 ,bluetooth,"Unisex Teen, Unisex Adult",sqaure
14,2499.0,Strap,Black,1.7 ,bluetooth,"Unisex Teen, Unisex Adult",sqaure
15,1999.0,Modern,Rose Golden,1.69 ,bluetooth,"Unisex Teen, Unisex Adult",sqaure
16,1799.0,Modern,Grey,1.83 ,"bluetooth,ai assistant","Unisex Teen, Unisex Adult",sqaure
17,3799.0,Modern,Dark Grey,1.78 ,bluetooth,"Unisex Teen, Unisex Adult",sqaure
18,1399.0,Modern,Black,1.83 ,bluetooth,"Unisex Teen, Unisex Adult",sqaure
19,2998.0,Modern,Black,1.8 ,bluetooth,"Unisex Teen, Unisex Adult",sqaure
20,1999.0,Modern,Silver Grey,1.28 ,bluetooth,"Unisex Teen, Unisex Adult",sqaure
21,1299.0,Modern,Grey,1.69 ,bluetooth,"Unisex Teen, Unisex Adult",sqaure
22,1999.0,Modern,Black,1.69 ,bluetooth,"Unisex Teen, Unisex Adult",sqaure
23,1799.0,Modern,Gold Black,1.83 ,bluetooth,"Unisex Teen, Unisex Adult",sqaure
24,4999.0,Modern,Black,1.6 ,bluetooth,"Unisex Teen, Unisex Adult",sqaure
25,1799.0,Modern,Black,1.3 ,bluetooth,"Unisex Teen, Unisex Adult",sqaure
26,1799.0,Modern,Grey,1.83 ,bluetooth,"Unisex Teen, Unisex Adult",sqaure
27,1799.0,Modern,Black,1.83 ,bluetooth,"Unisex Teen, Unisex Adult",sqaure
28,1449.0,Modern,Black,1.69 ,bluetooth,"Unisex Teen, Unisex Adult",sqaure
29,1299.0,Modern,Black,1.69 ,bluetooth,"Unisex Teen, Unisex Adult",sqaure
30,1799.0,Modern,Pink,1.83 ,bluetooth,"Unisex Teen, Unisex Adult",sqaure
31,1299.0,Modern,Green,1.69 ,bluetooth,"Unisex Teen, Unisex Adult",sqaure
32,1999.0,Modern,Black,1.28 ,bluetooth,"Unisex Teen, Unisex Adult",sqaure
33,2999.0,Modern,Black,1.96 ,bluetooth,"Unisex Teen, Unisex Adult",sqaure
34,1799.0,Modern,Silver Grey,1.3 ,bluetooth,"Unisex Teen, Unisex Adult",sqaure
35,3799.0,Modern,Silver,1.78 ,bluetooth,"Unisex Teen, Unisex Adult",sqaure
36,1799.0,Modern,Navy Blue,1.83 ,bluetooth,"Unisex Teen, Unisex Adult",sqaure
37,1799.0,Modern,Rose Gold,1.3 ,bluetooth,"Unisex Teen, Unisex Adult",sqaure
38,4999.0,Modern,Black,1.6 ,bluetooth,"Unisex Teen, Unisex Adult",round
39,11472.784594095941,Modern,Black,1.78 ,bluetooth,"Unisex Teen, Unisex Adult",sqaure
40,3799.0,Modern,Black,1.78 ,bluetooth,"Unisex Teen, Unisex Adult",sqaure
41,2499.0,Strap,Black,1.7 ,bluetooth,"Unisex Teen, Unisex Adult",sqaure
42,1999.0,Modern,Rose Golden,1.69 ,bluetooth,"Unisex Teen, Unisex Adult",sqaure
43,1799.0,Modern,Grey,1.83 ,bluetooth,"Unisex Teen, Unisex Adult",sqaure
44,3799.0,Modern,Dark Grey,1.78 ,bluetooth,"Unisex Teen, Unisex Adult",sqaure
45,1399.0,Modern,Black,1.83 ,bluetooth,"Unisex Teen, Unisex Adult",sqaure
46,2998.0,Modern,Black,1.8 ,bluetooth,"Unisex Teen, Unisex Adult",sqaure
47,1999.0,Modern,Silver Grey,1.28 ,bluetooth,"Unisex Teen, Unisex Adult",sqaure
48,1299.0,Modern,Grey,1.69 ,bluetooth,"Unisex Teen, Unisex Adult",sqaure
49,1999.0,Modern,Black,1.69 ,bluetooth,"Unisex Teen, Unisex Adult",sqaure
50,1799.0,Modern,Gold Black,1.83 ,bluetooth,"Unisex Teen, Unisex Adult",sqaure
51,2999.0,Modern,Navy,1.8 ,bluetooth,"Unisex Teen, Unisex Adult",sqaure
52,1799.0,Modern,Black,1.83 ,bluetooth,"Unisex Teen, Unisex Adult",sqaure
53,1799.0,Modern,Black,1.3 ,bluetooth,"Unisex Teen, Unisex Adult",sqaure
54,1799.0,Modern,Black,1.69 ,bluetooth,"Unisex Teen, Unisex Adult",sqaure
55,1299.0,ColorFit Pulse Grand,Black,1.69 ,bluetooth,"Unisex Teen, Unisex Adult",sqaure
56,2299.0,With Alexa,Sandy Cream,1.69 ,"Sleep Monitor, Heart Rate Monitor","Unisex Teen, Unisex Adult",sqaure
57,4999.0,Modern,Black,1.6 ,bluetooth,"Unisex Teen, Unisex Adult",sqaure
58,1999.0,Modern,Silver Grey,1.28 ,Alarm Clock,"Unisex Teen, Unisex Adult",sqaure
59,1299.0,Modern,Grey,1.69 ,Alarm Clock,"Unisex Teen, Unisex Adult",sqaure
60,1999.0,Modern,Black,1.69 ,Alarm Clock,"Unisex Teen, Unisex Adult",sqaure
61,1799.0,Modern,Gold Black,1.83 ,Alarm Clock,"Unisex Teen, Unisex Adult",sqaure
62,4999.0,Modern,Black,1.6 ,Alarm Clock,"Unisex Teen, Unisex Adult",sqaure
63,1799.0,Modern,Black,1.3 ,Alarm Clock,"Unisex Teen, Unisex Adult",sqaure
64,1799.0,Modern,Grey,1.83 ,Alarm Clock,"Unisex Teen, Unisex Adult",sqaure
65,1799.0,Modern,Black,1.83 ,Alarm Clock,"Unisex Teen, Unisex Adult",sqaure
66,1449.0,Modern,Black,1.69 ,Alarm Clock,"Unisex Teen, Unisex Adult",sqaure
67,1299.0,Modern,Black,1.69 ,Alarm Clock,"Unisex Teen, Unisex Adult",sqaure
68,1799.0,Modern,Pink,1.83 ,Alarm Clock,"Unisex Teen, Unisex Adult",sqaure
69,1299.0,Modern,Green,1.69 ,Alarm Clock,"Unisex Teen, Unisex Adult",sqaure
70,1999.0,Modern,Black,1.28 ,Alarm Clock,"Unisex Teen, Unisex Adult",sqaure
71,2999.0,Modern,Black,1.96 ,Alarm Clock,"Unisex Teen, Unisex Adult",sqaure
72,1799.0,Modern,Silver Grey,1.3 ,Alarm Clock,"Unisex Teen, Unisex Adult",sqaure
73,3799.0,Modern,Silver,1.78 ,Alarm Clock,"Unisex Teen, Unisex Adult",sqaure
74,1799.0,Modern,Navy Blue,1.83 ,Alarm Clock,"Unisex Teen, Unisex Adult",sqaure
75,1799.0,Modern,Rose Gold,1.3 ,Alarm Clock,"Unisex Teen, Unisex Adult",sqaure
76,4999.0,Modern,Black,1.6 ,bluetooth,"Unisex Teen, Unisex Adult",sqaure
77,11472.784594095941,Modern,Black,1.78 ,bluetooth,"Unisex Teen, Unisex Adult",sqaure
78,3799.0,Modern,Black,1.78 ,bluetooth,"Unisex Teen, Unisex Adult",sqaure
79,2499.0,Strap,Black,1.7 ,SpO2,"Unisex Teen, Unisex Adult",sqaure
80,1999.0,Modern,Rose Golden,1.69 ,SpO2,"Unisex Teen, Unisex Adult",sqaure
81,1799.0,Modern,Grey,1.83 ,SpO2,"Unisex Teen, Unisex Adult",sqaure
82,3799.0,Modern,Dark Grey,1.78 ,SpO2,"Unisex Teen, Unisex Adult",sqaure
83,1399.0,Modern,Black,1.83 ,SpO2,"Unisex Teen, Unisex Adult",sqaure
84,2998.0,Modern,Black,1.8 ,SpO2,"Unisex Teen, Unisex Adult",sqaure
85,1999.0,Modern,Silver Grey,1.28 ,bluetooth,"Unisex Teen, Unisex Adult",sqaure
86,1299.0,Modern,Grey,1.69 ,bluetooth,"Unisex Teen, Unisex Adult",sqaure
87,1999.0,Modern,Black,1.69 ,bluetooth,"Unisex Teen, Unisex Adult",sqaure
88,1799.0,Modern,Gold Black,1.83 ,bluetooth,"Unisex Teen, Unisex Adult",sqaure
89,2999.0,Modern,Black,1.96 ,bluetooth,"Unisex Teen, Unisex Adult",sqaure
90,2999.0,Modern,Navy,1.8 ,bluetooth,"Unisex Teen, Unisex Adult",sqaure
91,1449.0,Modern,Black,1.69 ,bluetooth,"Unisex Teen, Unisex Adult",sqaure
92,1799.0,Modern,Black,1.3 ,bluetooth,"Unisex Teen, Unisex Adult",sqaure
93,1799.0,Modern,Grey,1.83 ,bluetooth,"Unisex Teen, Unisex Adult",sqaure
94,1799.0,Modern,Black,1.83 ,bluetooth,"Unisex Teen, Unisex Adult",sqaure
95,1299.0,Modern,Black,1.69 ,bluetooth,"Unisex Teen, Unisex Adult",sqaure
96,1799.0,Modern,Pink,1.83 ,bluetooth,"Unisex Teen, Unisex Adult",sqaure
97,1299.0,Modern,Green,1.69 ,bluetooth,"Unisex Teen, Unisex Adult",sqaure
98,1999.0,Modern,Black,1.28 ,bluetooth,"Unisex Teen, Unisex Adult",sqaure
99,1799.0,Modern,Silver Grey,1.3 ,bluetooth,"Unisex Teen, Unisex Adult",sqaure
100,3799.0,Modern,Silver,1.78 ,bluetooth,"Unisex Teen, Unisex Adult",sqaure
101,1799.0,Modern,Navy Blue,1.83 ,bluetooth,"Unisex Teen, Unisex Adult",sqaure
102,399.0,Modern,Rose Gold,1.3 ,bluetooth,"Unisex Teen, Unisex Adult",sqaure
103,2499.0,Strap,Black,1.7 ,bluetooth,"Unisex Teen, Unisex Adult",sqaure
104,1999.0,Modern,Rose Golden,1.69 ,bluetooth,"Unisex Teen, Unisex Adult",sqaure
105,3799.0,Modern,Dark Grey,1.78 ,bluetooth,"Unisex Teen, Unisex Adult",sqaure
106,1399.0,Modern,Black,1.83 ,bluetooth,"Unisex Teen, Unisex Adult",sqaure
107,2998.0,Modern,Black,1.8 ,bluetooth,"Unisex Teen, Unisex Adult",sqaure
108,1449.0,Modern,Rose Gold,1.3 ,bluetooth,"Unisex Teen, Unisex Adult",sqaure
109,1449.0,Modern,Pink,1.69 ,bluetooth,"Unisex Teen, Unisex Adult",sqaure
110,1529.0,Modern,Silver Grey,1.3 ,bluetooth,"Unisex Teen, Unisex Adult",sqaure
111,1449.0,Modern,Pink,1.69 ,bluetooth,"Unisex Teen, Unisex Adult",sqaure
112,4999.0,Modern,Black,1.6 ,bluetooth,"Unisex Teen, Unisex Adult",sqaure
113,1799.0,Modern,Black,1.3 ,bluetooth,"Unisex Teen, Unisex Adult",sqaure
114,1299.0,Modern,Black,1.69 ,bluetooth,"Unisex Teen, Unisex Adult",sqaure
115,1799.0,Modern,Black,1.83 ,bluetooth,"Unisex Teen, Unisex Adult",sqaure
116,1449.0,Modern,Black,1.69 ,bluetooth,"Unisex Teen, Unisex Adult",sqaure
117,1799.0,Modern,Pink,1.83 ,bluetooth,"Unisex Teen, Unisex Adult",sqaure
118,1299.0,Modern,Green,1.69 ,bluetooth,"Unisex Teen, Unisex Adult",sqaure
119,1999.0,Modern,Black,1.28 ,bluetooth,"Unisex Teen, Unisex Adult",sqaure
120,2999.0,Modern,Black,1.96 ,bluetooth,"Unisex Teen, Unisex Adult",sqaure
121,1529.0,Modern,Silver Grey,1.3 ,bluetooth,"Unisex Teen, Unisex Adult",sqaure
122,1449.0,Modern,Grey,1.69 ,bluetooth,"Unisex Teen, Unisex Adult",sqaure
123,1799.0,Modern,Navy Blue,1.83 ,bluetooth,"Unisex Teen, Unisex Adult",sqaure
124,11472.784594095941,Modern,Black,1.78 ,bluetooth,"Unisex Teen, Unisex Adult",sqaure
125,3799.0,Modern,Black,1.78 ,bluetooth,"Unisex Teen, Unisex Adult",sqaure
126,2499.0,Strap,Black,1.7 ,bluetooth,"Unisex Teen, Unisex Adult",sqaure
127,1999.0,Modern,Rose Golden,1.69 ,bluetooth,"Unisex Teen, Unisex Adult",sqaure
128,1799.0,Modern,Grey,1.83 ,bluetooth,"Unisex Teen, Unisex Adult",sqaure
129,3799.0,Modern,Dark Grey,1.78 ,bluetooth,"Unisex Teen, Unisex Adult",sqaure
130,1399.0,Modern,Black,1.83 ,bluetooth,"Unisex Teen, Unisex Adult",sqaure
131,2998.0,Modern,Black,1.8 ,bluetooth,"Unisex Teen, Unisex Adult",sqaure
132,1999.0,Modern,Silver Grey,1.28 ,bluetooth,"Unisex Teen, Unisex Adult",sqaure
133,1299.0,Modern,Grey,1.69 ,bluetooth,"Unisex Teen, Unisex Adult",sqaure
134,1999.0,Modern,Black,1.69 ,bluetooth,"Unisex Teen, Unisex Adult",sqaure
135,1799.0,Modern,Gold Black,1.83 ,bluetooth,"Unisex Teen, Unisex Adult",sqaure
136,2999.0,Modern,Navy,1.8 ,bluetooth,"Unisex Teen, Unisex Adult",sqaure
137,3799.0,Modern,Silver,1.78 ,bluetooth,"Unisex Teen, Unisex Adult",sqaure
138,1799.0,Modern,Black,1.69 ,bluetooth,"Unisex Teen, Unisex Adult",sqaure
139,1299.0,ColorFit Pulse Grand,Black,1.69 ,bluetooth,"Unisex Teen, Unisex Adult",sqaure
140,1999.0,Modern,Jet Black,1.38 ,bluetooth,"Unisex Teen, Unisex Adult",sqaure
141,1799.0,Strap,Pink,1.69 ,bluetooth,"Unisex Teen, Unisex Adult",sqaure
142,1799.0,ColorFit Pulse 2,Grey,1.8 ,bluetooth,"Unisex Teen, Unisex Adult",sqaure
143,1799.0,Strap,Grey,1.69 ,bluetooth,"Unisex Teen, Unisex Adult",sqaure
144,1799.0,Strap,Blue,1.69 ,bluetooth,"Unisex Teen, Unisex Adult",sqaure
145,1899.0,ColorFit Pulse,Jet Black,1.4 ,bluetooth,"Unisex Teen, Unisex Adult",sqaure
146,1999.0,ColorFit Pulse Grand,Pink,1.69 ,bluetooth,"Unisex Teen, Unisex Adult",sqaure
147,1999.0,Modern,Blue,1.85 ,bluetooth,"Unisex Teen, Unisex Adult",sqaure
148,3499.0,ColorFit Ultra 2 Buzz,Black,1.78 ,Bluetooth,"Unisex Teen, Unisex Adult",sqaure
149,2999.0,ColorFit Pro 4,Black,1.72 ,bluetooth,"Unisex Teen, Unisex Adult",sqaure
150,3499.0,Modern,Copper Brown,1.69 ,"Distance Tracker, Alarm Clock","Unisex Teen, Unisex Adult",sqaure
151,1799.0,Strap,Green,1.69 ,bluetooth,"Unisex Teen, Unisex Adult",sqaure
152,3499.0,Modern,Jet Black,1.69 ,Alarm Clock,"Unisex Teen, Unisex Adult",sqaure
153,1999.0,ColorFit Pulse Buzz,Pink,1.69 ,bluetooth,"Unisex Teen, Unisex Adult",sqaure
154,1999.0,Modern,Black,1.85 ,bluetooth,"Unisex Teen, Unisex Adult",sqaure
155,1999.0,ColorFit Ultra Buzz,Black,1.75 ,bluetooth,"Unisex Teen, Unisex Adult",sqaure
156,1999.0,ColorFit Pulse Grand,Grey,1.69 ,bluetooth,"Unisex Teen, Unisex Adult",sqaure
157,1499.0,ColorFit Pro 2,Deep Wine,1.3 ,bluetooth,"Unisex Teen, Unisex Adult",sqaure
158,1499.0,ColorFit Pro 2,Jet Black,1.33 ,bluetooth,"Unisex Teen, Unisex Adult",sqaure
159,1999.0,ColorFit Pulse Grand,Lime Green,1.69 ,bluetooth,"Unisex Teen, Unisex Adult",sqaure
160,1999.0,Modern,Pink,1.85 ,bluetooth,"Unisex Teen, Unisex Adult",sqaure
161,3499.0,Modern,Teal Green,1.69 ,Alarm Clock,"Unisex Teen, Unisex Adult",sqaure
162,2499.0,Modern,Frozen Blue,1.69 ,bluetooth,"Unisex Children, Unisex Teen",sqaure
163,2999.0,Modern,Black,1.2 ,bluetooth,"Unisex Teen, Unisex Adult",sqaure
164,1999.0,ColorFit Ultra Buzz,Black,1.75 ,bluetooth,"Unisex Teen, Unisex Adult",sqaure
165,1999.0,ColorFit Pulse Grand,Grey,1.69 ,bluetooth,"Unisex Teen, Unisex Adult",sqaure
166,1499.0,ColorFit Pro 2,Deep Wine,1.3 ,bluetooth,"Unisex Teen, Unisex Adult",sqaure
167,1499.0,ColorFit Pro 2,Jet Black,1.33 ,bluetooth,"Unisex Teen, Unisex Adult",sqaure
168,1999.0,ColorFit Pulse Grand,Lime Green,1.69 ,bluetooth,"Unisex Teen, Unisex Adult",sqaure
169,2999.0,ColorFit Pro 4,Black,1.72 ,bluetooth,"Unisex Teen, Unisex Adult",sqaure
170,1999.0,Modern,Pink,1.85 ,bluetooth,"Unisex Teen, Unisex Adult",sqaure
171,1799.0,ColorFit Pulse 2,Grey,1.8 ,bluetooth,"Unisex Teen, Unisex Adult",sqaure
172,3499.0,Modern,Teal Green,1.69 ,Alarm Clock,"Unisex Teen, Unisex Adult",round
173,1799.0,Modern,Black,1.69 ,"bluetooth,Alarm clock","Unisex Teen, Unisex Adult",sqaure
174,1299.0,ColorFit Pulse Grand,Black,1.69 ,"bluetooth,Alarm clock","Unisex Teen, Unisex Adult",sqaure
175,1799.0,Strap,Pink,1.69 ,"bluetooth,Alarm clock","Unisex Teen, Unisex Adult",sqaure
176,1799.0,Strap,Grey,1.69 ,"bluetooth,Alarm clock","Unisex Teen, Unisex Adult",sqaure
177,1799.0,Strap,Blue,1.69 ,"bluetooth,Alarm clock","Unisex Teen, Unisex Adult",sqaure
178,1899.0,ColorFit Pulse,Jet Black,1.4 ,"bluetooth,Alarm clock","Unisex Teen, Unisex Adult",sqaure
179,1999.0,ColorFit Pulse Grand,Pink,1.69 ,"bluetooth,Alarm clock","Unisex Teen, Unisex Adult",sqaure
180,1999.0,Modern,Blue,1.85 ,"bluetooth,Alarm clock","Unisex Teen, Unisex Adult",sqaure
181,1999.0,Modern,Jet Black,1.38 ,"bluetooth,Alarm clock","Unisex Teen, Unisex Adult",sqaure
182,1799.0,Strap,Green,1.69 ,"bluetooth,Alarm clock","Unisex Teen, Unisex Adult",sqaure
183,3499.0,Modern,Jet Black,1.69 ,Alarm Clock,"Unisex Teen, Unisex Adult",round
184,11472.784594095941,NoiseFit Agile 2 Buzz,Black,1.28 ,bluetooth,"Unisex Teen, Unisex Adult",sqaure
185,2499.0,Modern,Frozen Blue,1.69 ,bluetooth,"Unisex Children, Unisex Teen",sqaure
186,1999.0,Modern,Jet Black,1.38 ,bluetooth,"Unisex Children, Unisex Teen",sqaure
187,1799.0,Strap,Pink,1.69 ,bluetooth,"Unisex Children, Unisex Teen",sqaure
188,1799.0,ColorFit Pulse 2,Grey,1.8 ,bluetooth,"Unisex Children, Unisex Teen",sqaure
189,1799.0,Modern,Black,1.69 ,bluetooth,"Unisex Children, Unisex Teen",sqaure
190,1299.0,ColorFit Pulse Grand,Black,1.69 ,bluetooth,"Unisex Children, Unisex Teen",sqaure
191,1799.0,Strap,Grey,1.69 ,bluetooth,"Unisex Children, Unisex Teen",sqaure
192,1799.0,Strap,Blue,1.69 ,bluetooth,"Unisex Children, Unisex Teen",sqaure
193,1899.0,ColorFit Pulse,Jet Black,1.4 ,bluetooth,"Unisex Children, Unisex Teen",sqaure
194,1999.0,ColorFit Pulse Grand,Pink,1.69 ,bluetooth,"Unisex Children, Unisex Teen",sqaure
195,1999.0,Modern,Blue,1.85 ,bluetooth,"Unisex Children, Unisex Teen",sqaure
196,3499.0,ColorFit Ultra 2 Buzz,Black,1.78 ,bluetooth,"Unisex Children, Unisex Teen",sqaure
197,1999.0,ColorFit Pulse Buzz,Pink,1.69 ,Alarm Clock,"Unisex Teen, Unisex Adult",sqaure
198,1999.0,Modern,Black,1.85 ,Alarm Clock,"Unisex Teen, Unisex Adult",sqaure
199,1999.0,ColorFit Ultra Buzz,Black,1.75 ,Alarm Clock,"Unisex Teen, Unisex Adult",sqaure
200,1999.0,ColorFit Pulse Grand,Grey,1.69 ,Alarm Clock,"Unisex Teen, Unisex Adult",sqaure
201,11472.784594095941,NoiseFit Agile 2 Buzz,Black,1.28 ,bluetooth,"Unisex Teen, Unisex Adult",sqaure
202,1999.0,Modern,Blue,1.85 ,bluetooth,"Unisex Children, Unisex Teen",sqaure
203,1999.0,Modern,Jet Black,1.38 ,bluetooth,"Unisex Children, Unisex Teen",sqaure
204,1799.0,Strap,Pink,1.69 ,bluetooth,"Unisex Children, Unisex Teen",sqaure
205,1799.0,ColorFit Pulse 2,Grey,1.8 ,bluetooth,"Unisex Children, Unisex Teen",sqaure
206,1799.0,Modern,Black,1.69 ,bluetooth,"Unisex Children, Unisex Teen",sqaure
207,1299.0,ColorFit Pulse Grand,Black,1.69 ,bluetooth,"Unisex Children, Unisex Teen",sqaure
208,1799.0,Strap,Grey,1.69 ,bluetooth,"Unisex Children, Unisex Teen",sqaure
209,1799.0,Strap,Blue,1.69 ,bluetooth,"Unisex Children, Unisex Teen",sqaure
210,1899.0,ColorFit Pulse,Jet Black,1.4 ,bluetooth,"Unisex Children, Unisex Teen",sqaure
211,1999.0,ColorFit Pulse Grand,Pink,1.69 ,bluetooth,"Unisex Children, Unisex Teen",sqaure
212,2999.0,ColorFit Pro 4,Black,1.72 ,bluetooth,"Unisex Children, Unisex Teen",sqaure
213,1799.0,Strap,Green,1.69 ,bluetooth,"Unisex Children, Unisex Teen",sqaure
214,3499.0,Modern,Jet Black,1.69 ,Alarm Clock,"Unisex Children, Unisex Teen",sqaure
215,1999.0,ColorFit Pulse Buzz,Pink,1.69 ,Alarm Clock,"Unisex Children, Unisex Teen",sqaure
216,1999.0,Modern,Black,1.85 ,Alarm Clock,"Unisex Children, Unisex Teen",sqaure
217,1999.0,ColorFit Ultra Buzz,Black,1.75 ,Alarm Clock,"Unisex Children, Unisex Teen",sqaure
218,1999.0,ColorFit Pulse Grand,Grey,1.69 ,Alarm Clock,"Unisex Children, Unisex Teen",sqaure
219,1499.0,ColorFit Pro 2,Deep Wine,1.3 ,Alarm Clock,"Unisex Children, Unisex Teen",sqaure
220,1499.0,ColorFit Pro 2,Jet Black,1.33 ,Alarm Clock,"Unisex Children, Unisex Teen",sqaure
221,1999.0,ColorFit Pulse Grand,Lime Green,1.69 ,Alarm Clock,"Unisex Teen, Unisex Adult",sqaure
222,2999.0,ColorFit Pro 4,Black,1.72 ,Alarm Clock,"Unisex Teen, Unisex Adult",sqaure
223,1999.0,Modern,Pink,1.85 ,Alarm Clock,"Unisex Teen, Unisex Adult",sqaure
224,1799.0,ColorFit Pulse 2,Grey,1.8 ,"bluetooth,Alarm clock","Unisex Teen, Unisex Adult",sqaure
225,1799.0,Modern,Black,1.69 ,bluetooth,"Unisex Teen, Unisex Adult",sqaure
226,1299.0,ColorFit Pulse Grand,Black,1.69 ,bluetooth,"Unisex Teen, Unisex Adult",sqaure
227,1799.0,Strap,Pink,1.69 ,bluetooth,"Unisex Teen, Unisex Adult",sqaure
228,1799.0,Strap,Grey,1.69 ,bluetooth,"Unisex Teen, Unisex Adult",sqaure
229,1799.0,Strap,Blue,1.69 ,bluetooth,"Unisex Teen, Unisex Adult",sqaure
230,1899.0,ColorFit Pulse,Jet Black,1.4 ,bluetooth,"Unisex Teen, Unisex Adult",sqaure
231,1999.0,ColorFit Pulse Grand,Pink,1.69 ,bluetooth,"Unisex Teen, Unisex Adult",sqaure
232,1999.0,Modern,Blue,1.85 ,bluetooth,"Unisex Teen, Unisex Adult",sqaure
233,1999.0,Modern,Jet Black,1.38 ,bluetooth,"Unisex Teen, Unisex Adult",sqaure
234,3499.0,ColorFit Ultra 2 Buzz,Black,1.78 ,bluetooth,"Unisex Teen, Unisex Adult",sqaure
235,1499.0,ColorFit Pro 2,Deep Wine,1.3 ,Alarm Clock,"Unisex Teen, Unisex Adult",sqaure
236,1499.0,ColorFit Pro 2,Jet Black,1.33 ,Alarm Clock,"Unisex Teen, Unisex Adult",sqaure
237,1799.0,ColorFit Pulse 2,Grey,1.8 ,Alarm Clock,"Unisex Teen, Unisex Adult",sqaure
238,2499.0,NoiseFit Agile 2 Buzz,Black,1.28 ,bluetooth,"Unisex Teen, Unisex Adult",sqaure
239,1499.0,Modern,Active Black,1.69 ,bluetooth,"Unisex Teen, Unisex Adult",sqaure
240,1999.0,Modern,Charcoal Black,1.69 ,bluetooth,"Unisex Teen, Unisex Adult",sqaure
241,1499.0,Boat Watch,Active Black,1.69 ,bluetooth,"Unisex Teen, Unisex Adult",sqaure
242,2699.0,Modern,Pitch Black,1.54 ,"Sleep Monitor, Heart Rate Monitor","Unisex Teen, Unisex Adult",sqaure
243,1499.0,Modern,Lightning Black,1.3 ,"Calorie Tracker, Heart Rate Monitor","Unisex Teen, Unisex Adult",sqaure
244,1499.0,Modern,Deep Blue,1.69 ,bluetooth,"Unisex Teen, Unisex Adult",sqaure
245,1799.0,Modern,Mauve,1.69 ,bluetooth,"Unisex Teen, Unisex Adult",sqaure
246,2999.0,With Alexa,Charcoal Black,1.69 ,bluetooth,"Unisex Teen, Unisex Adult",sqaure
247,2299.0,With Alexa,Olive Green,1.69 ,"Sleep Monitor, Heart Rate Monitor","Unisex Teen, Unisex Adult",sqaure
248,2499.0,Modern,Active Black,1.85 ,bluetooth,"Unisex Teen, Unisex Adult",sqaure
249,2799.0,BT Calling+AMOLED,Deep Blue,1.78 ,bluetooth,"Unisex Teen, Unisex Adult",sqaure
250,1499.0,Modern,Active Black,1.69 ,bluetooth,"Unisex Teen, Unisex Adult",sqaure
251,1799.0,Boat Watch,Scarlet Red,1.69 ,bluetooth,"Unisex Teen, Unisex Adult",sqaure
252,1799.0,Modern,Caribbean Green,1.69 ,bluetooth,"Unisex Teen, Unisex Adult",sqaure
253,1499.0,Modern,Moon Red,1.3 ,bluetooth,"Unisex Teen, Unisex Adult",sqaure
254,1499.0,Boat Watch,Deep Blue,1.69 ,bluetooth,"Unisex Teen, Unisex Adult",sqaure
255,1999.0,Modern,Cherry Blossom,1.69 ,"Bluetooth Calling Smart Watch, 20 Built In Watch Faces, Inbuilt Games, 1.81"" HD DIsplay","Unisex Teen, Unisex Adult",sqaure
256,2599.0,With Alexa,Deep Blue,1.69 ,"Sleep Monitor, Heart Rate Monitor","Unisex Teen, Unisex Adult",sqaure
257,1449.0,Modern,Beige,1.69 ,"Heart Rate and SpO2 Monitoring, Multiple Sports Modes, 1.69"" Square HD Display, Multiple Watch Faces","Unisex Teen, Unisex Adult",sqaure
258,1999.0,Minimalist,Deep Blue,1.69 ,"Bluetooth Calling, 1.81"" HD Display, 100+ Sports Modes, Built In Games","Unisex Teen, Unisex Adult",sqaure
259,1899.0,Blaze,Active Black,1.75 ,bluetooth,"Unisex Teen, Unisex Adult",sqaure
260,3499.0,BT Calling+AMOLED,Sage Green,1.78 ,bluetooth,"Unisex Teen, Unisex Adult",sqaure
261,11472.784594095941,Modern,Black,1.69 ,Bluetooth,"Unisex Teen, Unisex Adult",sqaure
262,1999.0,Minimalist,Cyan,1.81 ,bluetooth,"Unisex Teen, Unisex Adult",sqaure
263,3803.0,DC Edition,Crusador Knight Black,1.69 ,bluetooth,"Unisex Teen, Unisex Adult",sqaure
264,1899.0,Modern,Active Black,1.69 ,bluetooth,"Unisex Teen, Unisex Adult",sqaure
265,1449.0,Modern,Beige,1.69 ,SpO2,"Unisex Teen, Unisex Adult",sqaure
266,1999.0,Minimalist,Deep Blue,1.69 ,SpO2,"Unisex Teen, Unisex Adult",sqaure
267,1899.0,Blaze,Active Black,1.75 ,SpO3,"Unisex Teen, Unisex Adult",sqaure
268,1499.0,Modern,Active Black,1.69 ,SpO4,"Unisex Teen, Unisex Adult",sqaure
269,11472.784594095941,Modern,Black,1.69 ,bluetooth,"Unisex Teen, Unisex Adult",sqaure
270,1999.0,Minimalist,Cyan,1.81 ,bluetooth,"Unisex Teen, Unisex Adult",sqaure
271,3803.0,DC Edition,Crusador Knight Black,1.69 ,bluetooth,"Unisex Teen, Unisex Adult",sqaure
272,1499.0,Modern,Active Black,1.69 ,bluetooth,"Unisex Teen, Unisex Adult",sqaure
273,1499.0,Boat Watch,Active Black,1.69 ,bluetooth,"Unisex Teen, Unisex Adult",sqaure
274,2299.0,With Alexa,Sandy Cream,1.69 ,"Sleep Monitor, Heart Rate Monitor","Unisex Teen, Unisex Adult",sqaure
275,2699.0,Modern,Pitch Black,1.54 ,"Sleep Monitor, Heart Rate Monitor","Unisex Teen, Unisex Adult",sqaure
276,1499.0,Modern,Lightning Black,1.3 ,"Calorie Tracker, Heart Rate Monitor","Unisex Teen, Unisex Adult",sqaure
277,1499.0,Modern,Deep Blue,1.69 ,bluetooth,"Unisex Teen, Unisex Adult",sqaure
278,1799.0,Modern,Mauve,1.69 ,bluetooth,"Unisex Teen, Unisex Adult",sqaure
279,2999.0,With Alexa,Charcoal Black,1.69 ,bluetooth,"Unisex Teen, Unisex Adult",sqaure
280,2299.0,With Alexa,Olive Green,1.69 ,"Sleep Monitor, Heart Rate Monitor","Unisex Teen, Unisex Adult",sqaure
281,1999.0,Modern,Charcoal Black,1.69 ,"Sleep Monitor, Heart Rate Monitor","Unisex Teen, Unisex Adult",sqaure
282,1799.0,Boat Watch,Scarlet Red,1.69 ,"Sleep Monitor, Heart Rate Monitor","Unisex Teen, Unisex Adult",sqaure
283,1799.0,Modern,Caribbean Green,1.69 ,"Sleep Monitor, Heart Rate Monitor","Unisex Teen, Unisex Adult",sqaure
284,1499.0,Modern,Moon Red,1.3 ,"Sleep Monitor, Heart Rate Monitor","Unisex Teen, Unisex Adult",sqaure
285,1499.0,Boat Watch,Deep Blue,1.69 ,"Sleep Monitor, Heart Rate Monitor","Unisex Teen, Unisex Adult",sqaure
286,1999.0,Modern,Cherry Blossom,1.69 ,bluetooth,"Unisex Teen, Unisex Adult",sqaure
287,1449.0,Modern,Beige,1.69 ,"SpO2 ,Heart Rate","Unisex Teen, Unisex Adult",sqaure
288,1899.0,Strap,Black,1.7 ,bluetooth,"Unisex Teen, Unisex Adult",sqaure
289,3999.0,Classic,Black,1.81 ,bluetooth,"Unisex Teen, Unisex Adult",sqaure
290,1499.0,Casual,Coal Black,1.9 ,bluetooth,"Unisex Teen, Unisex Adult",sqaure
291,4999.0,Classic,Black,1.96 ,bluetooth,"Unisex Teen, Unisex Adult",sqaure
292,2999.0,Ignite S3 Max,Black,1.85 ,bluetooth,"Unisex Teen, Unisex Adult",sqaure
293,5499.0,Modern,Black,1.4 ,bluetooth,"Unisex Teen, Unisex Adult",sqaure
294,2999.0,Casual,Graphite Black,1.3 ,bluetooth,"Unisex Teen, Unisex Adult",sqaure
295,3999.0,Classic,Blue,1.81 ,bluetooth,"Unisex Teen, Unisex Adult",sqaure
296,3999.0,Casual,Gold,1.3 ,bluetooth,"Unisex Teen, Unisex Adult",sqaure
297,3999.0,Classic,Pink,1.81 ,bluetooth,"Unisex Teen, Unisex Adult",sqaure
298,3499.0,Classic,Black,1.75 ,bluetooth,"Unisex Teen, Unisex Adult",sqaure
299,3999.0,Classic,Black,1.9 ,bluetooth,"Unisex Teen, Unisex Adult",sqaure
300,4999.0,With 150 Songs Storage+TWS Connectivity,Carbon black,1.78 ,bluetooth,"Unisex Teen, Unisex Adult",sqaure
301,3999.0,Modern,Blue,1.69 ,bluetooth,"Unisex Teen, Unisex Adult",sqaure
302,5499.0,Modern,Blue,1.4 ,bluetooth,"Unisex Teen, Unisex Adult",sqaure
303,2999.0,Classic,Sporty Black,1.3 ,bluetooth,"Unisex Teen, Unisex Adult",sqaure
304,1499.0,Casual,Frozen Blue,1.9 ,bluetooth,"Unisex Teen, Unisex Adult",sqaure
305,3999.0,Classic,Silver,1.9 ,bluetooth,"Unisex Teen, Unisex Adult",sqaure
306,4999.0,Classic,Silver,1.96 ,bluetooth,"Unisex Teen, Unisex Adult",sqaure
307,3999.0,Casual,Black,1.3 ,bluetooth,"Unisex Teen, Unisex Adult",sqaure
308,419.0,Modern,Black,1.69 ,bluetooth,"Unisex Teen, Unisex Adult",sqaure
309,3999.0,Classic,Blue,1.9 ,bluetooth,"Unisex Teen, Unisex Adult",sqaure
310,3499.0,Casual,Special Edition,1.3 ,bluetooth,"Unisex Teen, Unisex Adult",sqaure
311,4999.0,Classic,Blue,1.96 ,bluetooth,"Unisex Teen, Unisex Adult",sqaure
312,3499.0,Modern,Black,1.69 ,bluetooth,"Unisex Teen, Unisex Adult",sqaure
313,15700.0,LTE,Black,4.4 Centimetres,"Sleep Monitor, Activity Tracker, Heart Rate Monitor","Unisex Teen, Unisex Adult",sqaure
314,11999.0,Modern,Silver,1.69 ,"Sleep Monitor, Notifications","Unisex Teen, Unisex Adult",sqaure
315,19150.0,Bluetooth Aluminium,Black,1.4 ,bluetooth,"Unisex Teen, Unisex Adult",sqaure
316,30999.0,BT,Graphite,1.69 ,"Sleep Monitor, Alarm Clock, Activity Tracker, Stress Tracking, Heart Rate Monitor","Unisex Teen, Unisex Adult",Round
317,15999.0,Bluetooth,Mystic Black,1.69 ,"Sleep Monitor, Accelerometer","Unisex Teen, Unisex Adult",sqaure
318,17500.0,BT,Black,4.6 Centimetres,bluetooth,"Unisex Teen, Unisex Adult",sqaure
319,15600.0,BT,Silver,42 Millimetres,"Sleep Monitor, Activity Tracker, Heart Rate Monitor","Unisex Teen, Unisex Adult",sqaure
320,11472.784594095941,Bluetooth,Black,44 Millimetres,bluetooth,"Unisex Teen, Unisex Adult",sqaure
321,29999.0,BT,Silver,1.69 ,"Sleep Monitor, Alarm Clock, Activity Tracker, Stress Tracking, Heart Rate Monitor","Unisex Teen, Unisex Adult",Round
322,1234.0,Bluetooth,Black,1.4 ,"Sleep Monitor, Activity Tracker, Heart Rate Monitor","Unisex Teen, Unisex Adult",sqaure
323,11472.784594095941,BT,Black,4.4 Centimetres,"Sleep Monitor, Activity Tracker, Heart Rate Monitor","Unisex Teen, Unisex Adult",sqaure
324,7999.0,Modern,Dark Gray,1.2,"Sleep Monitor, Notifications, Heart Rate Monitor","Unisex Teen, Unisex Adult",sqaure
325,16390.0,BT,Black,1.69 ,Sleep Monitor,"Unisex Teen, Unisex Adult",Round
326,28999.0,LTE,Silver,1.69 ,"Sleep Monitor, Activity Tracker, Heart Rate Monitor","Unisex Teen, Unisex Adult",Round
327,30999.0,BT,Sapphire,1.69 ,"Sleep Monitor, Alarm Clock, Activity Tracker, Stress Tracking, Heart Rate Monitor","Unisex Teen, Unisex Adult",Round
328,599.0,BT,Silver,7 ,bluetooth,"Unisex Teen, Unisex Adult",sqaure
329,11472.784594095941,Watch5 BT,Graphite,1.69 ,"Sleep Monitor, Alarm Clock, Activity Tracker, Stress Tracking, Heart Rate Monitor","Unisex Teen, Unisex Adult",sqaure
330,11472.784594095941,LTE,Pink Gold,1.69 ,"Sleep Monitor, Alarm Clock, Activity Tracker, Stress Tracking, Heart Rate Monitor","Unisex Teen, Unisex Adult",Round
331,20100.0,LTE,Green,1.69 ,"Sleep Monitor, Activity Tracker, Heart Rate Monitor","Unisex Teen, Unisex Adult",Round
332,1099.0,Zeb- Fit 280ch,Blue,3.55 Centimetres,bluetooth,"Unisex Teen, Unisex Adult",sqaure
333,1099.0,Zeb- Fit 280ch,Black+ Red,3.55 Centimetres,bluetooth,"Unisex Teen, Unisex Adult",sqaure
334,2199.0,Modern,Metallic Black,4.4 Centimetres,bluetooth,"Unisex Teen, Unisex Adult",sqaure
335,3599.0,Modern,Metallic Black,4.52 Centimetres,bluetooth,"Unisex Teen, Unisex Adult",sqaure
336,1799.0,Modern,Black,4.29 Centimetres,bluetooth,"Unisex Teen, Unisex Adult",sqaure
337,1799.0,Modern,Blue,1.69 ,bluetooth,"Unisex Teen, Unisex Adult",sqaure
338,2299.0,Minimalist,Grey,3.3 Centimetres,bluetooth,"Unisex Teen, Unisex Adult",sqaure
339,2199.0,Modern,Grey,1.69 ,"Sleep Monitor, Alarm Clock, Activity Tracker","Unisex Teen, Unisex Adult",sqaure
340,2499.0,Modern,Black,4.4 Centimetres,bluetooth,"Unisex Teen, Unisex Adult",sqaure
341,4499.0,Zeb- Fit920CH(Red)/ With SPO2,Red,1.69 ,bluetooth,"Unisex Teen, Unisex Adult",sqaure
342,2180.0,Modern,Metallic Silver,4.4 Centimetres,bluetooth,"Unisex Teen, Unisex Adult",sqaure
343,2449.0,Modern,Metallic Silver,1.69 ,Zebronics India Private Limited,"Unisex Teen, Unisex Adult",sqaure
344,2199.0,Modern,Black,4.69 Centimetres,bluetooth,"Unisex Teen, Unisex Adult",sqaure
345,1999.0,Modern,Metal Silver,4.29 Centimetres,bluetooth,"Unisex Teen, Unisex Adult",sqaure
346,1999.0,Modern,Metal Black,4.29 Centimetres,bluetooth,"Unisex Teen, Unisex Adult",sqaure
347,11472.784594095941,Minimalist,Mettalic gold,4.4 Centimetres,bluetooth,"Unisex Teen, Unisex Adult",sqaure
348,1999.0,Modern,Gold,4.4 Centimetres,bluetooth,"Unisex Teen, Unisex Adult",sqaure
349,11472.784594095941,Modern,Metallic Silver,4.4 Centimetres,bluetooth,"Unisex Teen, Unisex Adult",sqaure
350,2236.0,Minimalist,Silver,3.3 Centimetres,bluetooth,"Unisex Teen, Unisex Adult",sqaure
351,1799.0,Modern,Beige,4.29 Centimetres,bluetooth,"Unisex Teen, Unisex Adult",sqaure
352,1999.0,Modern,Blue,4.4 Centimetres,bluetooth,"Unisex Teen, Unisex Adult",sqaure
353,3499.0,Modern,Black,1.78 ,bluetooth,"Unisex Teen, Unisex Adult",sqaure
354,3499.0,Modern,Silver,1.78 ,bluetooth,"Unisex Teen, Unisex Adult",sqaure
355,1399.0,Fit 8220ch (Blue),Blue,4.3 Centimetres,bluetooth,"Unisex Teen, Unisex Adult",sqaure
356,1799.0,Modern,Black,1.69 ,bluetooth,"Unisex Teen, Unisex Adult",sqaure
357,2495.0,Fastrack VOX,Champagne Pink,1.69 ,bluetooth,"Unisex Teen, Unisex Adult",sqaure
358,4995.0,Modern,Black,1.8 ,"Blood Pressure Monitor, Multisport Tracker, Audio Recording, Phone Call, Music Player","Unisex Teen, Unisex Adult",sqaure
359,2495.0,Reflex Curv,Ebony Black,1.69 ,bluetooth,"Unisex Teen, Unisex Adult",sqaure
360,4995.0,Modern,Pink,1.8 ,"Blood Pressure Monitor, Multisport Tracker, Audio Recording, Phone Call, Music Player","Unisex Teen, Unisex Adult",sqaure
361,4995.0,Modern,Dark Blue,1.8 ,"Blood Pressure Monitor, Multisport Tracker, Audio Recording, Phone Call, Music Player","Unisex Teen, Unisex Adult",sqaure
362,4746.0,Modern,Rose Gold,1.8 ,"Blood Pressure Monitor, Multisport Tracker, Audio Recording, Phone Call, Music Player","Unisex Teen, Unisex Adult",sqaure
363,2995.0,Modern,Black,1.5 ,bluetooth,"Unisex Teen, Unisex Adult",sqaure
364,2495.0,Reflex Curv,Cobalt Blue,42 Millimetres,bluetooth,"Unisex Teen, Unisex Adult",sqaure
365,2495.0,Reflex Curv,Dusty Pink,0.2 Millimetres,bluetooth,"Unisex Teen, Unisex Adult",sqaure
366,2995.0,Modern,Pink,1.5 ,bluetooth,"Unisex Teen, Unisex Adult",sqaure
367,1494.0,Modern,Invisible Black,1.69 ,bluetooth,"Unisex Teen, Unisex Adult",sqaure
368,2495.0,Fastrack VOX,Carbon Black,1.69 ,bluetooth,"Unisex Teen, Unisex Adult",sqaure
369,3495.0,Reflex Play,Black,1.3 ,bluetooth,"Unisex Teen, Unisex Adult",sqaure
370,2995.0,Modern,Blue,1.5 ,bluetooth,"Unisex Teen, Unisex Adult",sqaure
371,1494.0,Modern,Wine Red,1.69 ,bluetooth,"Unisex Teen, Unisex Adult",sqaure
372,2995.0,Modern,Grey,1.5 ,bluetooth,"Unisex Teen, Unisex Adult",sqaure
373,1494.0,Modern,Black-Rose Gold,1.69 ,bluetooth,"Unisex Teen, Unisex Adult",sqaure
374,2495.0,Fastrack VOX,Blazing Blue,1.69 ,bluetooth,"Unisex Teen, Unisex Adult",sqaure
375,3495.0,Reflex Play,Pink,1.3 ,bluetooth,"Unisex Teen, Unisex Adult",sqaure
376,1494.0,Modern,Beige,1.69 ,bluetooth,"Unisex Teen, Unisex Adult",sqaure
377,6995.0,Modern,Black,1.3 ,bluetooth,"Unisex Teen, Unisex Adult",sqaure
378,1494.0,Modern,Olive Green,1.69 ,bluetooth,"Unisex Teen, Unisex Adult",sqaure
379,6995.0,Modern,Deep Blue,1.3 ,bluetooth,"Unisex Teen, Unisex Adult",sqaure
380,2495.0,Fastrack VOX,Flaming Red,1.69 ,bluetooth,"Unisex Teen, Unisex Adult",sqaure
381,6995.0,Modern,Pink,1.3 ,bluetooth,"Unisex Teen, Unisex Adult",sqaure
382,1599.0,Verve Neo,Black,1.69 ,bluetooth,"Unisex Teen, Unisex Adult",sqaure
383,42989.0,GPS,Midnight,1.69 ,Heart Rate Monitor,"Unisex Teen, Unisex Adult",Square
384,85390.0,Modern,Green,1.69 ,Distance Tracker,"Unisex Teen, Unisex Adult",sqaure
385,89899.0,Modern,White,1.69 ,Distance Tracker,"Unisex Teen, Unisex Adult",sqaure
386,44523.0,GPS,Silver/White,1.69 ,"GPS, Heart Rate Monitor","Unisex Teen, Unisex Adult",Square
387,53900.0,GPS + CELLULAR,Starlight,1.69 ,"GPS, Heart Rate Monitor","Unisex Teen, Unisex Adult",Square
388,77899.0,GPS + CELLULAR,Graphite,1.69 ,Heart Rate Monitor,Women,sqaure
389,43605.0,GPS,Starlight,1.69 ,Heart Rate Monitor,"Unisex Teen, Unisex Adult",Square
390,82899.0,GPS + CELLULAR,Graphite,1.69 ,Heart Rate Monitor,Women,sqaure
391,87203.0,Modern,Orange,1.69 ,Distance Tracker,"Unisex Teen, Unisex Adult",sqaure
392,55955.0,GPS + CELLULAR,Midnight,1.69 ,"GPS, Heart Rate Monitor","Unisex Teen, Unisex Adult",Square
393,29003.0,GPS,Midnight,1.69 ,GPS,"Unisex Teen, Unisex Adult",sqaure
394,46899.0,GPS,Midnight,1.69 ,Heart Rate Monitor,"Unisex Teen, Unisex Adult",Square
395,77899.0,GPS + CELLULAR,Graphite/Midnight,1.69 ,Heart Rate Monitor,"Unisex Teen, Unisex Adult",Square
396,45899.0,GPS,Silver/White,1.69 ,"GPS, Heart Rate Monitor","Unisex Teen, Unisex Adult",Square
397,77899.0,GPS + CELLULAR,Gold,1.69 ,Heart Rate Monitor,"Unisex Teen, Unisex Adult",Square
398,82353.0,GPS + CELLULAR,Gold,1.69 ,Heart Rate Monitor,"Unisex Teen, Unisex Adult",Square
399,53900.0,GPS + CELLULAR,Midnight,1.69 ,"GPS, Heart Rate Monitor","Unisex Teen, Unisex Adult",Square
400,83989.0,Modern,Midnight,1.69 ,Distance Tracker,"Unisex Teen, Unisex Adult",sqaure
401,83989.0,Modern,Orange,1.69 ,Distance Tracker,"Unisex Teen, Unisex Adult",sqaure
402,77899.0,GPS + CELLULAR,Silver,1.69 ,"GPS, Heart Rate Monitor",Women,sqaure
403,55900.0,GPS + CELLULAR,Starlight,1.69 ,"GPS, Heart Rate Monitor","Unisex Teen, Unisex Adult",Square
404,46390.0,GPS,Starlight,1.69 ,Heart Rate Monitor,"Unisex Teen, Unisex Adult",Square
405,55955.0,GPS + CELLULAR,Silver/White,1.69 ,"GPS, Heart Rate Monitor","Unisex Teen, Unisex Adult",Square
406,89899.0,Modern,Green,1.69 ,Distance Tracker,"Unisex Teen, Unisex Adult",sqaure
407,11900.0,Modern,Petal/Copper Rose,1.34 ,bluetooth,"Unisex Teen, Unisex Adult",sqaure
408,11454.0,Modern,Black/Carbon,1.34 ,bluetooth,"Unisex Teen, Unisex Adult",sqaure
409,16999.0,Modern,Waterfall Blue,1.58 ,bluetooth,"Unisex Teen, Unisex Adult",sqaure
410,15999.0,Modern,Pink,1.58 ,bluetooth,"Unisex Teen, Unisex Adult",sqaure
411,17999.0,Modern,White,1.58 ,"Sleep Monitor, Notifications","Unisex Teen, Unisex Adult",sqaure
412,18225.0,Modern,Carbon/Graphite,1.58 ,bluetooth,"Unisex Teen, Unisex Adult",sqaure
413,16999.0,With Offer,Mulberry,1.34 ,"Sleep Monitor, Distance Tracker, Calendaring, Calorie Tracker, Notifications, Heart Rate Monitor","Unisex Teen, Unisex Adult",sqaure
414,15945.0,Modern,Blue,1.69 ,bluetooth,"Unisex Teen, Unisex Adult",sqaure
415,24999.0,Modern,Mist Soft Gold,1.58 ,bluetooth,"Unisex Teen, Unisex Adult",sqaure
416,15999.0,Modern,Black,1.58 ,bluetooth,"Unisex Teen, Unisex Adult",sqaure
417,16999.0,Modern,Graphite Black,1.58 ,bluetooth,"Unisex Teen, Unisex Adult",sqaure
418,19870.0,Modern,White,1.69 ,Heart Rate Monitor,"Women, Adult, Girls",sqaure
419,11472.784594095941,Modern,Gold,1.69 ,"Distance Tracker, GPS","Unisex Teen, Unisex Adult",sqaure
420,16999.0,Modern,Beet Juice,1.69 ,bluetooth,"Unisex Teen, Unisex Adult",sqaure
421,16999.0,Modern,Pink Sand,1.58 ,bluetooth,"Unisex Teen, Unisex Adult",sqaure
422,13495.0,Modern,Midnight/Soft Gold,40 Millimetres,bluetooth,"Unisex Teen, Unisex Adult",sqaure
423,11472.784594095941,Modern,Black,1.58 ,bluetooth,"Unisex Teen, Unisex Adult",sqaure
424,24999.0,Modern,White Platinum,1.58 ,bluetooth,"Unisex Teen, Unisex Adult",sqaure
425,11472.784594095941,Modern,Black,1.34 ,"Accelerometer, Heart Rate Monitor","Unisex Teen, Unisex Adult",sqaure
426,24949.0,Modern,Grey Graphite,1.58 ,bluetooth,"Unisex Teen, Unisex Adult",sqaure
427,11472.784594095941,Modern,Black,1.58 ,bluetooth,"Unisex Teen, Unisex Adult",sqaure
428,8999.0,Modern,Lilac Bliss,0.74 ,bluetooth,"Unisex Teen, Unisex Adult",sqaure
429,5999.0,Modern,Black,2 ,bluetooth,"Unisex Teen, Unisex Adult",sqaure
430,5666.0,Modern,Black,0.72 ,bluetooth,"Unisex Teen, Unisex Adult",sqaure
431,5995.0,Up to 7 Days Battery*- Breeze through the week without worrying to charge.,Black,1.78,bluetooth,"Unisex Teen, Unisex Adult",sqaure
432,5995.0,Up to 7 Days Battery*- Breeze through the week without worrying to charge.,Rose Gold,1.78,bluetooth,"Unisex Teen, Unisex Adult",sqaure
433,5995.0,Up to 7 Days Battery*- Breeze through the week without worrying to charge.,Green,1.78,bluetooth,"Unisex Teen, Unisex Adult",sqaure
434,8995.0,Titan Smart,Black,1.32 ,bluetooth,"Unisex Teen, Unisex Adult",sqaure
435,9995.0,Modern,Gold Black,1.39 ,Calculator,"Unisex Teen, Unisex Adult",sqaure
436,11995.0,Titan Smart Pro,Black,45 Millimetres,bluetooth,"Unisex Teen, Unisex Adult",sqaure
437,5995.0,Up to 7 Days Battery*- Breeze through the week without worrying to charge.,Blue,1.78,bluetooth,"Unisex Teen, Unisex Adult",sqaure
438,11995.0,Titan Smart Pro,Pink,45 Millimetres,bluetooth,"Unisex Teen, Unisex Adult",sqaure
439,10495.0,Strap,White,1.69 ,bluetooth,"Unisex Teen, Unisex Adult",sqaure
440,11995.0,Titan Smart Pro,Blue,45 Millimetres,bluetooth,"Unisex Teen, Unisex Adult",sqaure
441,14995.0,Strap,Blue,1.39 ,Calculator,"Unisex Teen, Unisex Adult",sqaure
442,11995.0,Titan Smart Pro,Green,45 Millimetres,"Altimeter, GPS, Barometer, Body Temperature, Compass","Unisex Teen, Unisex Adult",sqaure
443,11472.784594095941,Modern,Black,1.39 ,Calculator,"Unisex Teen, Unisex Adult",sqaure
444,11995.0,Titan Smart Pro,Red,45 Millimetres,"Altimeter, GPS, Barometer, Body Temperature, Compass","Unisex Teen, Unisex Adult",sqaure
445,14995.0,Modern,Grey,1.39 ,Calculator,"Unisex Teen, Unisex Adult",sqaure
446,5245.0,Modern,Black,1.69 ,bluetooth,"Unisex Teen, Unisex Adult",sqaure
447,8995.0,Modern,Black-Rose Gold,1.78 ,bluetooth,"Unisex Teen, Unisex Adult",sqaure
448,4500.0,Modern,Black,1.69 ,bluetooth,"Unisex Teen, Unisex Adult",sqaure
449,5247.0,Modern,Black,1.69 ,bluetooth,"Unisex Teen, Unisex Adult",sqaure
450,11472.784594095941,Modern,Black,1.69 ,bluetooth,"Unisex Teen, Unisex Adult",sqaure
451,8995.0,Modern,Black,1.78 ,bluetooth,"Unisex Teen, Unisex Adult",sqaure
452,11995.0,Modern,Black,1.22 ,bluetooth,"Unisex Teen, Unisex Adult",sqaure
453,11472.784594095941,Modern,Copper,1.22 ,bluetooth,"Unisex Teen, Unisex Adult",sqaure
454,11472.784594095941,Modern,Green,1.69 ,bluetooth,"Unisex Teen, Unisex Adult",sqaure
