,price,Style,Screen Size,Bluetooth,SpO2,Heart Rate monitor,Alarm clock,Distance tracker,sleep monitor,Activity tracker,Notifications,gps,bp monitor,Target Audience,Black,Blue,Gold,Green,Grey,Pink,Red,Rose Gold,Rose Golden,Silver,Round,Square
0,1799,0,1.83,1,0,0,1,0,0,0,1,0,0,"Unisex Teen, Unisex Adult",1,0,0,0,0,0,0,0,0,0,0,1
1,1799,0,1.3,1,0,0,1,0,0,0,1,0,0,"Unisex Teen, Unisex Adult",1,0,0,0,0,0,0,0,0,0,0,1
2,1449,0,1.69,0,0,0,1,0,0,0,0,0,0,"Unisex Teen, Unisex Adult",1,0,0,0,0,0,0,0,0,0,0,1
3,1299,0,1.69,0,0,0,1,0,0,0,0,0,0,"Unisex Teen, Unisex Adult",1,0,0,0,0,0,0,0,0,0,0,1
4,1799,0,1.83,1,0,0,1,0,0,0,1,0,0,"Unisex Teen, Unisex Adult",0,0,0,0,0,1,0,0,0,0,0,1
5,1299,0,1.69,0,0,0,1,0,0,0,0,0,0,"Unisex Teen, Unisex Adult",0,0,0,1,0,0,0,0,0,0,0,1
6,1999,0,1.28,1,0,0,1,0,0,0,1,0,0,"Unisex Teen, Unisex Adult",1,0,0,0,0,0,0,0,0,0,0,1
7,2999,0,1.96,1,1,1,1,0,1,0,1,0,0,"Unisex Teen, Unisex Adult",1,0,0,0,0,0,0,0,0,0,0,1
8,1799,0,1.3,1,0,0,1,0,0,0,1,0,0,"Unisex Teen, Unisex Adult",0,0,0,0,1,0,0,0,0,0,0,1
9,1799,0,1.83,1,0,0,1,0,0,0,1,0,0,"Unisex Teen, Unisex Adult",0,1,0,0,0,0,0,0,0,0,0,1
10,1799,0,1.3,1,0,0,1,0,0,0,1,0,0,"Unisex Teen, Unisex Adult",0,0,0,0,0,0,0,1,0,0,0,1
11,4999,0,1.6,1,1,1,1,1,1,0,1,0,1,"Unisex Teen, Unisex Adult",1,0,0,0,0,0,0,0,0,0,1,0
12,11472,0,1.78,1,1,1,1,1,1,1,1,1,1,"Unisex Teen, Unisex Adult",1,0,0,0,0,0,0,0,0,0,0,0
13,3799,0,1.78,1,1,1,1,1,1,0,1,0,0,"Unisex Teen, Unisex Adult",1,0,0,0,0,0,0,0,0,0,0,0
14,2499,0,1.7,1,1,1,1,0,1,0,1,0,0,"Unisex Teen, Unisex Adult",1,0,0,0,0,0,0,0,0,0,0,0
15,1999,0,1.69,1,0,0,1,0,0,0,1,0,0,"Unisex Teen, Unisex Adult",0,0,0,0,0,0,0,0,1,0,0,0
16,1799,0,1.83,1,0,0,1,0,0,0,1,0,0,"Unisex Teen, Unisex Adult",0,0,0,0,1,0,0,0,0,0,0,0
17,3799,0,1.78,1,1,1,1,1,1,0,1,0,0,"Unisex Teen, Unisex Adult",0,0,0,0,1,0,0,0,0,0,0,0
18,1399,0,1.83,0,0,0,1,0,0,0,0,0,0,"Unisex Teen, Unisex Adult",1,0,0,0,0,0,0,0,0,0,0,0
19,2998,0,1.8,1,1,1,1,0,1,0,1,0,0,"Unisex Teen, Unisex Adult",1,0,0,0,0,0,0,0,0,0,0,0
20,1999,0,1.28,1,0,0,1,0,0,0,1,0,0,"Unisex Teen, Unisex Adult",0,0,0,0,1,0,0,0,0,0,0,0
21,1299,0,1.69,0,0,0,1,0,0,0,0,0,0,"Unisex Teen, Unisex Adult",0,0,0,0,1,0,0,0,0,0,0,0
22,1999,0,1.69,1,0,0,1,0,0,0,1,0,0,"Unisex Teen, Unisex Adult",1,0,0,0,0,0,0,0,0,0,0,0
23,1799,0,1.83,1,0,0,1,0,0,0,1,0,0,"Unisex Teen, Unisex Adult",1,0,0,0,0,0,0,0,0,0,0,0
24,4999,0,1.6,1,1,1,1,1,1,0,1,0,1,"Unisex Teen, Unisex Adult",1,0,0,0,0,0,0,0,0,0,0,0
25,1799,0,1.3,1,0,0,1,0,0,0,1,0,0,"Unisex Teen, Unisex Adult",1,0,0,0,0,0,0,0,0,0,0,0
26,1799,0,1.83,1,0,0,1,0,0,0,1,0,0,"Unisex Teen, Unisex Adult",0,0,0,0,1,0,0,0,0,0,0,0
27,1799,0,1.83,1,0,0,1,0,0,0,1,0,0,"Unisex Teen, Unisex Adult",1,0,0,0,0,0,0,0,0,0,0,0
28,1449,0,1.69,0,0,0,1,0,0,0,0,0,0,"Unisex Teen, Unisex Adult",1,0,0,0,0,0,0,0,0,0,0,0
29,1299,0,1.69,0,0,0,1,0,0,0,0,0,0,"Unisex Teen, Unisex Adult",1,0,0,0,0,0,0,0,0,0,0,0
30,1799,0,1.83,1,0,0,1,0,0,0,1,0,0,"Unisex Teen, Unisex Adult",0,0,0,0,0,1,0,0,0,0,0,0
31,1299,0,1.69,0,0,0,1,0,0,0,0,0,0,"Unisex Teen, Unisex Adult",0,0,0,1,0,0,0,0,0,0,0,0
32,1999,0,1.28,1,0,0,1,0,0,0,1,0,0,"Unisex Teen, Unisex Adult",1,0,0,0,0,0,0,0,0,0,0,0
33,2999,0,1.96,1,1,1,1,0,1,0,1,0,0,"Unisex Teen, Unisex Adult",1,0,0,0,0,0,0,0,0,0,0,0
34,1799,0,1.3,1,0,0,1,0,0,0,1,0,0,"Unisex Teen, Unisex Adult",0,0,0,0,1,0,0,0,0,0,0,0
35,3799,0,1.78,1,1,1,1,1,1,0,1,0,0,"Unisex Teen, Unisex Adult",0,0,0,0,0,0,0,0,0,1,0,0
36,1799,0,1.83,1,0,0,1,0,0,0,1,0,0,"Unisex Teen, Unisex Adult",0,1,0,0,0,0,0,0,0,0,0,0
37,1799,0,1.3,1,0,0,1,0,0,0,1,0,0,"Unisex Teen, Unisex Adult",0,0,0,0,0,0,0,1,0,0,0,0
38,4999,0,1.6,1,1,1,1,1,1,0,1,0,1,"Unisex Teen, Unisex Adult",1,0,0,0,0,0,0,0,0,0,1,0
39,11472,0,1.78,1,1,1,1,1,1,1,1,1,1,"Unisex Teen, Unisex Adult",1,0,0,0,0,0,0,0,0,0,0,0
40,3799,0,1.78,1,1,1,1,1,1,0,1,0,0,"Unisex Teen, Unisex Adult",1,0,0,0,0,0,0,0,0,0,0,0
41,2499,1,1.7,1,1,1,1,0,1,0,1,0,0,"Unisex Teen, Unisex Adult",1,0,0,0,0,0,0,0,0,0,0,0
42,1999,0,1.69,1,0,0,1,0,0,0,1,0,0,"Unisex Teen, Unisex Adult",0,0,0,0,0,0,0,0,1,0,0,0
43,1799,0,1.83,1,0,0,1,0,0,0,1,0,0,"Unisex Teen, Unisex Adult",0,0,0,0,1,0,0,0,0,0,0,0
44,3799,0,1.78,1,1,1,1,1,1,0,1,0,0,"Unisex Teen, Unisex Adult",0,0,0,0,1,0,0,0,0,0,0,0
45,1399,0,1.83,0,0,0,1,0,0,0,0,0,0,"Unisex Teen, Unisex Adult",1,0,0,0,0,0,0,0,0,0,0,0
46,2998,0,1.8,1,1,1,1,0,1,0,1,0,0,"Unisex Teen, Unisex Adult",1,0,0,0,0,0,0,0,0,0,0,0
47,1999,0,1.28,1,0,0,1,0,0,0,1,0,0,"Unisex Teen, Unisex Adult",0,0,0,0,1,0,0,0,0,0,0,0
48,1299,0,1.69,0,0,0,1,0,0,0,0,0,0,"Unisex Teen, Unisex Adult",0,0,0,0,1,0,0,0,0,0,0,0
49,1999,0,1.69,1,0,0,1,0,0,0,1,0,0,"Unisex Teen, Unisex Adult",1,0,0,0,0,0,0,0,0,0,0,0
50,1799,0,1.83,1,0,0,1,0,0,0,1,0,0,"Unisex Teen, Unisex Adult",1,0,0,0,0,0,0,0,0,0,0,0
51,2999,0,1.8,1,1,1,1,0,1,0,1,0,0,"Unisex Teen, Unisex Adult",0,1,0,0,0,0,0,0,0,0,0,0
52,1799,0,1.83,1,0,0,1,0,0,0,1,0,0,"Unisex Teen, Unisex Adult",1,0,0,0,0,0,0,0,0,0,0,0
53,1799,0,1.3,1,0,0,1,0,0,0,1,0,0,"Unisex Teen, Unisex Adult",1,0,0,0,0,0,0,0,0,0,0,0
54,1799,0,1.69,1,0,0,1,0,0,0,1,0,0,"Unisex Teen, Unisex Adult",1,0,0,0,0,0,0,0,0,0,0,0
55,1299,1,1.69,0,0,0,1,0,0,0,0,0,0,"Unisex Teen, Unisex Adult",1,0,0,0,0,0,0,0,0,0,0,0
56,2299,0,1.69,1,1,1,1,0,1,0,1,0,0,"Unisex Teen, Unisex Adult",1,0,0,0,0,0,0,0,0,0,0,0
57,4999,0,1.6,1,1,1,1,1,1,0,1,0,1,"Unisex Teen, Unisex Adult",1,0,0,0,0,0,0,0,0,0,0,0
58,1999,0,1.28,1,0,0,1,0,0,0,1,0,0,"Unisex Teen, Unisex Adult",0,0,0,0,1,0,0,0,0,0,0,0
59,1299,0,1.69,0,0,0,1,0,0,0,0,0,0,"Unisex Teen, Unisex Adult",0,0,0,0,1,0,0,0,0,0,0,0
60,1999,0,1.69,1,0,0,1,0,0,0,1,0,0,"Unisex Teen, Unisex Adult",1,0,0,0,0,0,0,0,0,0,0,0
61,1799,0,1.83,1,0,0,1,0,0,0,1,0,0,"Unisex Teen, Unisex Adult",1,0,0,0,0,0,0,0,0,0,0,0
62,4999,0,1.6,1,1,1,1,1,1,0,1,0,1,"Unisex Teen, Unisex Adult",1,0,0,0,0,0,0,0,0,0,0,0
63,1799,0,1.3,1,0,0,1,0,0,0,1,0,0,"Unisex Teen, Unisex Adult",1,0,0,0,0,0,0,0,0,0,0,0
64,1799,0,1.83,1,0,0,1,0,0,0,1,0,0,"Unisex Teen, Unisex Adult",0,0,0,0,1,0,0,0,0,0,0,0
65,1799,0,1.83,1,0,0,1,0,0,0,1,0,0,"Unisex Teen, Unisex Adult",1,0,0,0,0,0,0,0,0,0,0,0
66,1449,0,1.69,0,0,0,1,0,0,0,0,0,0,"Unisex Teen, Unisex Adult",1,0,0,0,0,0,0,0,0,0,0,0
67,1299,0,1.69,0,0,0,1,0,0,0,0,0,0,"Unisex Teen, Unisex Adult",1,0,0,0,0,0,0,0,0,0,0,0
68,1799,0,1.83,1,0,0,1,0,0,0,1,0,0,"Unisex Teen, Unisex Adult",0,0,0,0,0,1,0,0,0,0,0,0
69,1299,0,1.69,0,0,0,1,0,0,0,0,0,0,"Unisex Teen, Unisex Adult",0,0,0,1,0,0,0,0,0,0,0,0
70,1999,0,1.28,1,0,0,1,0,0,0,1,0,0,"Unisex Teen, Unisex Adult",1,0,0,0,0,0,0,0,0,0,0,0
71,2999,0,1.96,1,1,1,1,0,1,0,1,0,0,"Unisex Teen, Unisex Adult",1,0,0,0,0,0,0,0,0,0,0,0
72,1799,0,1.3,1,0,0,1,0,0,0,1,0,0,"Unisex Teen, Unisex Adult",0,0,0,0,1,0,0,0,0,0,0,0
73,3799,0,1.78,1,1,1,1,1,1,0,1,0,0,"Unisex Teen, Unisex Adult",0,0,0,0,0,0,0,0,0,1,0,0
74,1799,0,1.83,1,0,0,1,0,0,0,1,0,0,"Unisex Teen, Unisex Adult",0,1,0,0,0,0,0,0,0,0,0,0
75,1799,0,1.3,1,0,0,1,0,0,0,1,0,0,"Unisex Teen, Unisex Adult",0,0,0,0,0,0,0,1,0,0,0,0
76,4999,0,1.6,1,1,1,1,1,1,0,1,0,1,"Unisex Teen, Unisex Adult",1,0,0,0,0,0,0,0,0,0,0,0
77,11472,0,1.78,1,1,1,1,1,1,1,1,1,1,"Unisex Teen, Unisex Adult",1,0,0,0,0,0,0,0,0,0,0,0
78,3799,0,1.78,1,1,1,1,1,1,0,1,0,0,"Unisex Teen, Unisex Adult",1,0,0,0,0,0,0,0,0,0,0,0
79,2499,1,1.7,1,1,1,1,0,1,0,1,0,0,"Unisex Teen, Unisex Adult",1,0,0,0,0,0,0,0,0,0,0,0
80,1999,0,1.69,1,0,0,1,0,0,0,1,0,0,"Unisex Teen, Unisex Adult",0,0,0,0,0,0,0,0,1,0,0,0
81,1799,0,1.83,1,0,0,1,0,0,0,1,0,0,"Unisex Teen, Unisex Adult",0,0,0,0,1,0,0,0,0,0,0,0
82,3799,0,1.78,1,1,1,1,1,1,0,1,0,0,"Unisex Teen, Unisex Adult",0,0,0,0,1,0,0,0,0,0,0,0
83,1399,0,1.83,0,0,0,1,0,0,0,0,0,0,"Unisex Teen, Unisex Adult",1,0,0,0,0,0,0,0,0,0,0,0
84,2998,0,1.8,1,1,1,1,0,1,0,1,0,0,"Unisex Teen, Unisex Adult",1,0,0,0,0,0,0,0,0,0,0,0
85,1999,0,1.28,1,0,0,1,0,0,0,1,0,0,"Unisex Teen, Unisex Adult",0,0,0,0,1,0,0,0,0,0,0,0
86,1299,0,1.69,0,0,0,1,0,0,0,0,0,0,"Unisex Teen, Unisex Adult",0,0,0,0,1,0,0,0,0,0,0,0
87,1999,0,1.69,1,0,0,1,0,0,0,1,0,0,"Unisex Teen, Unisex Adult",1,0,0,0,0,0,0,0,0,0,0,0
88,1799,0,1.83,1,0,0,1,0,0,0,1,0,0,"Unisex Teen, Unisex Adult",1,0,0,0,0,0,0,0,0,0,0,0
89,2999,0,1.96,1,1,1,1,0,1,0,1,0,0,"Unisex Teen, Unisex Adult",1,0,0,0,0,0,0,0,0,0,0,0
90,2999,0,1.8,1,1,1,1,0,1,0,1,0,0,"Unisex Teen, Unisex Adult",0,1,0,0,0,0,0,0,0,0,0,0
91,1449,0,1.69,0,0,0,1,0,0,0,0,0,0,"Unisex Teen, Unisex Adult",1,0,0,0,0,0,0,0,0,0,0,0
92,1799,0,1.3,1,0,0,1,0,0,0,1,0,0,"Unisex Teen, Unisex Adult",1,0,0,0,0,0,0,0,0,0,0,0
93,1799,0,1.83,1,0,0,1,0,0,0,1,0,0,"Unisex Teen, Unisex Adult",0,0,0,0,1,0,0,0,0,0,0,0
94,1799,0,1.83,1,0,0,1,0,0,0,1,0,0,"Unisex Teen, Unisex Adult",1,0,0,0,0,0,0,0,0,0,0,0
95,1299,0,1.69,0,0,0,1,0,0,0,0,0,0,"Unisex Teen, Unisex Adult",1,0,0,0,0,0,0,0,0,0,0,0
96,1799,0,1.83,1,0,0,1,0,0,0,1,0,0,"Unisex Teen, Unisex Adult",0,0,0,0,0,1,0,0,0,0,0,0
97,1299,0,1.69,0,0,0,1,0,0,0,0,0,0,"Unisex Teen, Unisex Adult",0,0,0,1,0,0,0,0,0,0,0,0
98,1999,0,1.28,1,0,0,1,0,0,0,1,0,0,"Unisex Teen, Unisex Adult",1,0,0,0,0,0,0,0,0,0,0,0
99,1799,0,1.3,1,0,0,1,0,0,0,1,0,0,"Unisex Teen, Unisex Adult",0,0,0,0,1,0,0,0,0,0,0,0
100,3799,0,1.78,1,1,1,1,1,1,0,1,0,0,"Unisex Teen, Unisex Adult",0,0,0,0,0,0,0,0,0,1,0,0
101,1799,0,1.83,1,0,0,1,0,0,0,1,0,0,"Unisex Teen, Unisex Adult",0,1,0,0,0,0,0,0,0,0,0,0
102,399,0,1.3,0,0,0,0,0,0,0,0,0,0,"Unisex Teen, Unisex Adult",0,0,0,0,0,0,0,1,0,0,0,0
103,2499,1,1.7,1,1,1,1,0,1,0,1,0,0,"Unisex Teen, Unisex Adult",1,0,0,0,0,0,0,0,0,0,0,0
104,1999,0,1.69,1,0,0,1,0,0,0,1,0,0,"Unisex Teen, Unisex Adult",0,0,0,0,0,0,0,0,1,0,0,0
105,3799,0,1.78,1,1,1,1,1,1,0,1,0,0,"Unisex Teen, Unisex Adult",0,0,0,0,1,0,0,0,0,0,0,0
106,1399,0,1.83,0,0,0,1,0,0,0,0,0,0,"Unisex Teen, Unisex Adult",1,0,0,0,0,0,0,0,0,0,0,0
107,2998,0,1.8,1,1,1,1,0,1,0,1,0,0,"Unisex Teen, Unisex Adult",1,0,0,0,0,0,0,0,0,0,0,0
108,1449,0,1.3,0,0,0,1,0,0,0,0,0,0,"Unisex Teen, Unisex Adult",0,0,0,0,0,0,0,1,0,0,0,0
109,1449,0,1.69,0,0,0,1,0,0,0,0,0,0,"Unisex Teen, Unisex Adult",0,0,0,0,0,1,0,0,0,0,0,0
110,1529,0,1.3,1,0,0,1,0,0,0,1,0,0,"Unisex Teen, Unisex Adult",0,0,0,0,1,0,0,0,0,0,0,0
111,1449,0,1.69,0,0,0,1,0,0,0,0,0,0,"Unisex Teen, Unisex Adult",0,0,0,0,0,1,0,0,0,0,0,0
112,4999,0,1.6,1,1,1,1,1,1,0,1,0,1,"Unisex Teen, Unisex Adult",1,0,0,0,0,0,0,0,0,0,0,0
113,1799,0,1.3,1,0,0,1,0,0,0,1,0,0,"Unisex Teen, Unisex Adult",1,0,0,0,0,0,0,0,0,0,0,0
114,1299,0,1.69,0,0,0,1,0,0,0,0,0,0,"Unisex Teen, Unisex Adult",1,0,0,0,0,0,0,0,0,0,0,0
115,1799,0,1.83,1,0,0,1,0,0,0,1,0,0,"Unisex Teen, Unisex Adult",1,0,0,0,0,0,0,0,0,0,0,0
116,1449,0,1.69,0,0,0,1,0,0,0,0,0,0,"Unisex Teen, Unisex Adult",1,0,0,0,0,0,0,0,0,0,0,0
117,1799,0,1.83,1,0,0,1,0,0,0,1,0,0,"Unisex Teen, Unisex Adult",0,0,0,0,0,1,0,0,0,0,0,0
118,1299,0,1.69,0,0,0,1,0,0,0,0,0,0,"Unisex Teen, Unisex Adult",0,0,0,1,0,0,0,0,0,0,0,0
119,1999,0,1.28,1,0,0,1,0,0,0,1,0,0,"Unisex Teen, Unisex Adult",1,0,0,0,0,0,0,0,0,0,0,0
120,2999,0,1.96,1,1,1,1,0,1,0,1,0,0,"Unisex Teen, Unisex Adult",1,0,0,0,0,0,0,0,0,0,0,0
121,1529,0,1.3,1,0,0,1,0,0,0,1,0,0,"Unisex Teen, Unisex Adult",0,0,0,0,1,0,0,0,0,0,0,0
122,1449,0,1.69,0,0,0,1,0,0,0,0,0,0,"Unisex Teen, Unisex Adult",0,0,0,0,1,0,0,0,0,0,0,0
123,1799,0,1.83,1,0,0,1,0,0,0,1,0,0,"Unisex Teen, Unisex Adult",0,1,0,0,0,0,0,0,0,0,0,0
124,11472,0,1.78,1,1,1,1,1,1,1,1,1,1,"Unisex Teen, Unisex Adult",1,0,0,0,0,0,0,0,0,0,0,0
125,3799,0,1.78,1,1,1,1,1,1,0,1,0,0,"Unisex Teen, Unisex Adult",1,0,0,0,0,0,0,0,0,0,0,0
126,2499,1,1.7,1,1,1,1,0,1,0,1,0,0,"Unisex Teen, Unisex Adult",1,0,0,0,0,0,0,0,0,0,0,0
127,1999,0,1.69,1,0,0,1,0,0,0,1,0,0,"Unisex Teen, Unisex Adult",0,0,0,0,0,0,0,0,1,0,0,0
128,1799,0,1.83,1,0,0,1,0,0,0,1,0,0,"Unisex Teen, Unisex Adult",0,0,0,0,1,0,0,0,0,0,0,0
129,3799,0,1.78,1,1,1,1,1,1,0,1,0,0,"Unisex Teen, Unisex Adult",0,0,0,0,1,0,0,0,0,0,0,0
130,1399,0,1.83,0,0,0,1,0,0,0,0,0,0,"Unisex Teen, Unisex Adult",1,0,0,0,0,0,0,0,0,0,0,0
131,2998,0,1.8,1,1,1,1,0,1,0,1,0,0,"Unisex Teen, Unisex Adult",1,0,0,0,0,0,0,0,0,0,0,0
132,1999,0,1.28,1,0,0,1,0,0,0,1,0,0,"Unisex Teen, Unisex Adult",0,0,0,0,1,0,0,0,0,0,0,0
133,1299,0,1.69,0,0,0,1,0,0,0,0,0,0,"Unisex Teen, Unisex Adult",0,0,0,0,1,0,0,0,0,0,0,0
134,1999,0,1.69,1,0,0,1,0,0,0,1,0,0,"Unisex Teen, Unisex Adult",1,0,0,0,0,0,0,0,0,0,0,0
135,1799,0,1.83,1,0,0,1,0,0,0,1,0,0,"Unisex Teen, Unisex Adult",1,0,0,0,0,0,0,0,0,0,0,0
136,2999,0,1.8,1,1,1,1,0,1,0,1,0,0,"Unisex Teen, Unisex Adult",0,1,0,0,0,0,0,0,0,0,0,0
137,3799,0,1.78,1,1,1,1,1,1,0,1,0,0,"Unisex Teen, Unisex Adult",0,0,0,0,0,0,0,0,0,1,0,0
138,1799,0,1.69,1,0,0,1,0,0,0,1,0,0,"Unisex Teen, Unisex Adult",1,0,0,0,0,0,0,0,0,0,0,0
139,1299,1,1.69,0,0,0,1,0,0,0,0,0,0,"Unisex Teen, Unisex Adult",1,0,0,0,0,0,0,0,0,0,0,0
140,1999,0,1.38,1,0,0,1,0,0,0,1,0,0,"Unisex Teen, Unisex Adult",1,0,0,0,0,0,0,0,0,0,0,0
141,1799,1,1.69,1,0,0,1,0,0,0,1,0,0,"Unisex Teen, Unisex Adult",0,0,0,0,0,1,0,0,0,0,0,0
142,1799,1,1.8,1,0,0,1,0,0,0,1,0,0,"Unisex Teen, Unisex Adult",0,0,0,0,1,0,0,0,0,0,0,0
143,1799,1,1.69,1,0,0,1,0,0,0,1,0,0,"Unisex Teen, Unisex Adult",0,0,0,0,1,0,0,0,0,0,0,0
144,1799,1,1.69,1,0,0,1,0,0,0,1,0,0,"Unisex Teen, Unisex Adult",0,1,0,0,0,0,0,0,0,0,0,0
145,1899,1,1.4,1,0,0,1,0,0,0,1,0,0,"Unisex Teen, Unisex Adult",1,0,0,0,0,0,0,0,0,0,0,0
146,1999,1,1.69,1,0,0,1,0,0,0,1,0,0,"Unisex Teen, Unisex Adult",0,0,0,0,0,1,0,0,0,0,0,0
147,1999,0,1.85,1,0,0,1,0,0,0,1,0,0,"Unisex Teen, Unisex Adult",0,1,0,0,0,0,0,0,0,0,0,0
148,3499,1,1.78,1,1,1,1,1,1,0,1,0,0,"Unisex Teen, Unisex Adult",1,0,0,0,0,0,0,0,0,0,0,0
149,2999,1,1.72,1,1,1,1,0,1,0,1,0,0,"Unisex Teen, Unisex Adult",1,0,0,0,0,0,0,0,0,0,0,0
150,3499,0,1.69,1,1,1,1,1,1,0,1,0,0,"Unisex Teen, Unisex Adult",0,0,0,0,0,0,0,0,1,0,0,0
151,1799,1,1.69,1,0,0,1,0,0,0,1,0,0,"Unisex Teen, Unisex Adult",0,0,0,1,0,0,0,0,0,0,0,0
152,3499,0,1.69,1,1,1,1,1,1,0,1,0,0,"Unisex Teen, Unisex Adult",1,0,0,0,0,0,0,0,0,0,0,0
153,1999,1,1.69,1,0,0,1,0,0,0,1,0,0,"Unisex Teen, Unisex Adult",0,0,0,0,0,1,0,0,0,0,0,0
154,1999,0,1.85,1,0,0,1,0,0,0,1,0,0,"Unisex Teen, Unisex Adult",1,0,0,0,0,0,0,0,0,0,0,0
155,1999,1,1.75,1,0,0,1,0,0,0,1,0,0,"Unisex Teen, Unisex Adult",1,0,0,0,0,0,0,0,0,0,0,0
156,1999,1,1.69,1,0,0,1,0,0,0,1,0,0,"Unisex Teen, Unisex Adult",0,0,0,0,1,0,0,0,0,0,0,0
157,1499,1,1.3,0,0,0,1,0,0,0,0,0,0,"Unisex Teen, Unisex Adult",0,0,0,0,0,1,0,0,0,0,0,0
158,1499,1,1.33,0,0,0,1,0,0,0,0,0,0,"Unisex Teen, Unisex Adult",1,0,0,0,0,0,0,0,0,0,0,0
159,1999,1,1.69,1,0,0,1,0,0,0,1,0,0,"Unisex Teen, Unisex Adult",0,0,0,1,0,0,0,0,0,0,0,0
160,1999,0,1.85,1,0,0,1,0,0,0,1,0,0,"Unisex Teen, Unisex Adult",0,0,0,0,0,1,0,0,0,0,0,0
161,3499,0,1.69,1,1,1,1,1,1,0,1,0,0,"Unisex Teen, Unisex Adult",0,0,0,1,0,0,0,0,0,0,0,0
162,2499,0,1.69,1,1,1,1,0,1,0,1,0,0,"Unisex Children, Unisex Teen",0,1,0,0,0,0,0,0,0,0,0,0
163,2999,0,1.2,1,1,1,1,0,1,0,1,0,0,"Unisex Teen, Unisex Adult",1,0,0,0,0,0,0,0,0,0,0,0
164,1999,1,1.75,1,0,0,1,0,0,0,1,0,0,"Unisex Teen, Unisex Adult",1,0,0,0,0,0,0,0,0,0,0,0
165,1999,1,1.69,1,0,0,1,0,0,0,1,0,0,"Unisex Teen, Unisex Adult",0,0,0,0,1,0,0,0,0,0,0,0
166,1499,1,1.3,0,0,0,1,0,0,0,0,0,0,"Unisex Teen, Unisex Adult",0,0,0,0,0,0,0,0,1,0,0,0
167,1499,1,1.33,0,0,0,1,0,0,0,0,0,0,"Unisex Teen, Unisex Adult",1,0,0,0,0,0,0,0,0,0,0,0
168,1999,1,1.69,1,0,0,1,0,0,0,1,0,0,"Unisex Teen, Unisex Adult",0,0,0,1,0,0,0,0,0,0,0,0
169,2999,1,1.72,1,1,1,1,0,1,0,1,0,0,"Unisex Teen, Unisex Adult",1,0,0,0,0,0,0,0,0,0,0,0
170,1999,0,1.85,1,0,0,1,0,0,0,1,0,0,"Unisex Teen, Unisex Adult",0,0,0,0,0,1,0,0,0,0,0,0
171,1799,1,1.8,1,0,0,1,0,0,0,1,0,0,"Unisex Teen, Unisex Adult",0,0,0,0,1,0,0,0,0,0,0,0
172,3499,0,1.69,1,1,1,1,1,1,0,1,0,0,"Unisex Teen, Unisex Adult",0,0,0,1,0,0,0,0,0,0,1,0
173,1799,0,1.69,1,0,0,1,0,0,0,1,0,0,"Unisex Teen, Unisex Adult",1,0,0,0,0,0,0,0,0,0,0,0
174,1299,1,1.69,0,0,0,1,0,0,0,0,0,0,"Unisex Teen, Unisex Adult",1,0,0,0,0,0,0,0,0,0,0,0
175,1799,1,1.69,1,0,0,1,0,0,0,1,0,0,"Unisex Teen, Unisex Adult",0,0,0,0,0,1,0,0,0,0,0,0
176,1799,1,1.69,1,0,0,1,0,0,0,1,0,0,"Unisex Teen, Unisex Adult",0,0,0,0,1,0,0,0,0,0,0,0
177,1799,1,1.69,1,0,0,1,0,0,0,1,0,0,"Unisex Teen, Unisex Adult",0,1,0,0,0,0,0,0,0,0,0,0
178,1899,1,1.4,1,0,0,1,0,0,0,1,0,0,"Unisex Teen, Unisex Adult",1,0,0,0,0,0,0,0,0,0,0,0
179,1999,1,1.69,1,0,0,1,0,0,0,1,0,0,"Unisex Teen, Unisex Adult",0,0,0,0,0,1,0,0,0,0,0,0
180,1999,0,1.85,1,0,0,1,0,0,0,1,0,0,"Unisex Teen, Unisex Adult",0,1,0,0,0,0,0,0,0,0,0,0
181,1999,0,1.38,1,0,0,1,0,0,0,1,0,0,"Unisex Teen, Unisex Adult",1,0,0,0,0,0,0,0,0,0,0,0
182,1799,1,1.69,1,0,0,1,0,0,0,1,0,0,"Unisex Teen, Unisex Adult",0,0,0,1,0,0,0,0,0,0,0,0
183,3499,0,1.69,1,1,1,1,1,1,0,1,0,0,"Unisex Teen, Unisex Adult",1,0,0,0,0,0,0,0,0,0,1,0
184,11472,1,1.28,1,1,1,1,1,1,1,1,1,1,"Unisex Teen, Unisex Adult",1,0,0,0,0,0,0,0,0,0,0,0
185,2499,0,1.69,1,1,1,1,0,1,0,1,0,0,"Unisex Children, Unisex Teen",0,1,0,0,0,0,0,0,0,0,0,0
186,1999,0,1.38,1,0,0,1,0,0,0,1,0,0,"Unisex Children, Unisex Teen",1,0,0,0,0,0,0,0,0,0,0,0
187,1799,1,1.69,1,0,0,1,0,0,0,1,0,0,"Unisex Children, Unisex Teen",0,0,0,0,0,1,0,0,0,0,0,0
188,1799,1,1.8,1,0,0,1,0,0,0,1,0,0,"Unisex Children, Unisex Teen",0,0,0,0,1,0,0,0,0,0,0,0
189,1799,0,1.69,1,0,0,1,0,0,0,1,0,0,"Unisex Children, Unisex Teen",1,0,0,0,0,0,0,0,0,0,0,0
190,1299,1,1.69,0,0,0,1,0,0,0,0,0,0,"Unisex Children, Unisex Teen",1,0,0,0,0,0,0,0,0,0,0,0
191,1799,1,1.69,1,0,0,1,0,0,0,1,0,0,"Unisex Children, Unisex Teen",0,0,0,0,1,0,0,0,0,0,0,0
192,1799,1,1.69,1,0,0,1,0,0,0,1,0,0,"Unisex Children, Unisex Teen",0,1,0,0,0,0,0,0,0,0,0,0
193,1899,1,1.4,1,0,0,1,0,0,0,1,0,0,"Unisex Children, Unisex Teen",1,0,0,0,0,0,0,0,0,0,0,0
194,1999,1,1.69,1,0,0,1,0,0,0,1,0,0,"Unisex Children, Unisex Teen",0,0,0,0,0,1,0,0,0,0,0,0
195,1999,0,1.85,1,0,0,1,0,0,0,1,0,0,"Unisex Children, Unisex Teen",0,1,0,0,0,0,0,0,0,0,0,0
196,3499,1,1.78,1,1,1,1,1,1,0,1,0,0,"Unisex Children, Unisex Teen",1,0,0,0,0,0,0,0,0,0,0,0
197,1999,1,1.69,1,0,0,1,0,0,0,1,0,0,"Unisex Teen, Unisex Adult",0,0,0,0,0,1,0,0,0,0,0,0
198,1999,0,1.85,1,0,0,1,0,0,0,1,0,0,"Unisex Teen, Unisex Adult",1,0,0,0,0,0,0,0,0,0,0,0
199,1999,0,1.75,1,0,0,1,0,0,0,1,0,0,"Unisex Teen, Unisex Adult",1,0,0,0,0,0,0,0,0,0,0,0
200,1999,1,1.69,1,0,0,1,0,0,0,1,0,0,"Unisex Teen, Unisex Adult",0,0,0,0,1,0,0,0,0,0,0,0
201,11472,1,1.28,1,1,1,1,1,1,1,1,1,1,"Unisex Teen, Unisex Adult",1,0,0,0,0,0,0,0,0,0,0,0
202,1999,0,1.85,1,0,0,1,0,0,0,1,0,0,"Unisex Children, Unisex Teen",0,1,0,0,0,0,0,0,0,0,0,0
203,1999,0,1.38,1,0,0,1,0,0,0,1,0,0,"Unisex Children, Unisex Teen",1,0,0,0,0,0,0,0,0,0,0,0
204,1799,1,1.69,1,0,0,1,0,0,0,1,0,0,"Unisex Children, Unisex Teen",0,0,0,0,0,1,0,0,0,0,0,0
205,1799,1,1.8,1,0,0,1,0,0,0,1,0,0,"Unisex Children, Unisex Teen",0,0,0,0,1,0,0,0,0,0,0,0
206,1799,0,1.69,1,0,0,1,0,0,0,1,0,0,"Unisex Children, Unisex Teen",1,0,0,0,0,0,0,0,0,0,0,0
207,1299,1,1.69,0,0,0,1,0,0,0,0,0,0,"Unisex Children, Unisex Teen",1,0,0,0,0,0,0,0,0,0,0,0
208,1799,0,1.69,1,0,0,1,0,0,0,1,0,0,"Unisex Children, Unisex Teen",0,0,0,0,1,0,0,0,0,0,0,0
209,1799,0,1.69,1,0,0,1,0,0,0,1,0,0,"Unisex Children, Unisex Teen",0,1,0,0,0,0,0,0,0,0,0,0
210,1899,0,1.4,1,0,0,1,0,0,0,1,0,0,"Unisex Children, Unisex Teen",1,0,0,0,0,0,0,0,0,0,0,0
211,1999,0,1.69,1,0,0,1,0,0,0,1,0,0,"Unisex Children, Unisex Teen",0,0,0,0,0,1,0,0,0,0,0,0
212,2999,0,1.72,1,1,1,1,0,1,0,1,0,0,"Unisex Children, Unisex Teen",1,0,0,0,0,0,0,0,0,0,0,0
213,1799,0,1.69,1,0,0,1,0,0,0,1,0,0,"Unisex Children, Unisex Teen",0,0,0,1,0,0,0,0,0,0,0,0
214,3499,1,1.69,1,1,1,1,1,1,0,1,0,0,"Unisex Children, Unisex Teen",1,0,0,0,0,0,0,0,0,0,0,0
215,1999,1,1.69,1,0,0,1,0,0,0,1,0,0,"Unisex Children, Unisex Teen",0,0,0,0,0,1,0,0,0,0,0,0
216,1999,0,1.85,1,0,0,1,0,0,0,1,0,0,"Unisex Children, Unisex Teen",1,0,0,0,0,0,0,0,0,0,0,0
217,1999,0,1.75,1,0,0,1,0,0,0,1,0,0,"Unisex Children, Unisex Teen",1,0,0,0,0,0,0,0,0,0,0,0
218,1999,0,1.69,1,0,0,1,0,0,0,1,0,0,"Unisex Children, Unisex Teen",0,0,0,0,1,0,0,0,0,0,0,0
219,1499,0,1.3,0,0,0,1,0,0,0,0,0,0,"Unisex Children, Unisex Teen",0,0,0,0,0,0,0,0,1,0,0,0
220,1499,0,1.33,0,0,0,1,0,0,0,0,0,0,"Unisex Children, Unisex Teen",1,0,0,0,0,0,0,0,0,0,0,0
221,1999,0,1.69,1,0,0,1,0,0,0,1,0,0,"Unisex Teen, Unisex Adult",0,0,0,1,0,0,0,0,0,0,0,0
222,2999,0,1.72,1,1,1,1,0,1,0,1,0,0,"Unisex Teen, Unisex Adult",1,0,0,0,0,0,0,0,0,0,0,0
223,1999,0,1.85,1,0,0,1,0,0,0,1,0,0,"Unisex Teen, Unisex Adult",0,0,0,0,0,1,0,0,0,0,0,0
224,1799,1,1.8,1,0,0,1,0,0,0,1,0,0,"Unisex Teen, Unisex Adult",0,0,0,0,1,0,0,0,0,0,0,0
225,1799,0,1.69,1,0,0,1,0,0,0,1,0,0,"Unisex Teen, Unisex Adult",1,0,0,0,0,0,0,0,0,0,0,0
226,1299,1,1.69,0,0,0,1,0,0,0,0,0,0,"Unisex Teen, Unisex Adult",1,0,0,0,0,0,0,0,0,0,0,0
227,1799,1,1.69,1,0,0,1,0,0,0,1,0,0,"Unisex Teen, Unisex Adult",0,0,0,0,0,1,0,0,0,0,0,0
228,1799,1,1.69,1,0,0,1,0,0,0,1,0,0,"Unisex Teen, Unisex Adult",0,0,0,0,1,0,0,0,0,0,0,0
229,1799,1,1.69,1,0,0,1,0,0,0,1,0,0,"Unisex Teen, Unisex Adult",0,1,0,0,0,0,0,0,0,0,0,0
230,1899,1,1.4,1,0,0,1,0,0,0,1,0,0,"Unisex Teen, Unisex Adult",1,0,0,0,0,0,0,0,0,0,0,0
231,1999,1,1.69,1,0,0,1,0,0,0,1,0,0,"Unisex Teen, Unisex Adult",0,0,0,0,0,1,0,0,0,0,0,0
232,1999,0,1.85,1,0,0,1,0,0,0,1,0,0,"Unisex Teen, Unisex Adult",0,1,0,0,0,0,0,0,0,0,0,0
233,1999,0,1.38,1,0,0,1,0,0,0,1,0,0,"Unisex Teen, Unisex Adult",1,0,0,0,0,0,0,0,0,0,0,0
234,3499,1,1.78,1,1,1,1,1,1,0,1,0,0,"Unisex Teen, Unisex Adult",1,0,0,0,0,0,0,0,0,0,0,0
235,1499,1,1.3,0,0,0,1,0,0,0,0,0,0,"Unisex Teen, Unisex Adult",0,0,0,0,0,0,0,0,1,0,0,0
236,1499,1,1.33,0,0,0,1,0,0,0,0,0,0,"Unisex Teen, Unisex Adult",1,0,0,0,0,0,0,0,0,0,0,0
237,1799,1,1.8,1,0,0,1,0,0,0,1,0,0,"Unisex Teen, Unisex Adult",0,0,0,0,1,0,0,0,0,0,0,0
238,2499,1,1.28,1,1,1,1,0,1,0,1,0,0,"Unisex Teen, Unisex Adult",1,0,0,0,0,0,0,0,0,0,0,0
239,1499,0,1.69,0,0,0,1,0,0,0,0,0,0,"Unisex Teen, Unisex Adult",1,0,0,0,0,0,0,0,0,0,0,0
240,1999,0,1.69,1,0,0,1,0,0,0,1,0,0,"Unisex Teen, Unisex Adult",1,0,0,0,0,0,0,0,0,0,0,0
241,1499,1,1.69,0,0,0,1,0,0,0,0,0,0,"Unisex Teen, Unisex Adult",1,0,0,0,0,0,0,0,0,0,0,0
242,2699,0,1.54,1,1,1,1,0,1,0,1,0,0,"Unisex Teen, Unisex Adult",1,0,0,0,0,0,0,0,0,0,0,0
243,1499,0,1.3,0,0,0,1,0,0,0,0,0,0,"Unisex Teen, Unisex Adult",1,0,0,0,0,0,0,0,0,0,0,0
244,1499,0,1.69,0,0,0,1,0,0,0,0,0,0,"Unisex Teen, Unisex Adult",0,1,0,0,0,0,0,0,0,0,0,0
245,1799,0,1.69,1,0,0,1,0,0,0,1,0,0,"Unisex Teen, Unisex Adult",0,0,0,0,0,0,0,0,1,0,0,0
246,2999,1,1.69,1,1,1,1,0,1,0,1,0,0,"Unisex Teen, Unisex Adult",1,0,0,0,0,0,0,0,0,0,0,0
247,2299,1,1.69,1,1,1,1,0,1,0,1,0,0,"Unisex Teen, Unisex Adult",0,0,0,1,0,0,0,0,0,0,0,0
248,2499,0,1.85,1,1,1,1,0,1,0,1,0,0,"Unisex Teen, Unisex Adult",1,0,0,0,0,0,0,0,0,0,0,0
249,2799,1,1.78,1,1,1,1,0,1,0,1,0,0,"Unisex Teen, Unisex Adult",0,1,0,0,0,0,0,0,0,0,0,0
250,1499,0,1.69,0,0,0,1,0,0,0,0,0,0,"Unisex Teen, Unisex Adult",1,0,0,0,0,0,0,0,0,0,0,0
251,1799,1,1.69,1,0,0,1,0,0,0,1,0,0,"Unisex Teen, Unisex Adult",0,0,0,0,0,0,0,0,1,0,0,0
252,1799,0,1.69,1,0,0,1,0,0,0,1,0,0,"Unisex Teen, Unisex Adult",0,0,0,1,0,0,0,0,0,0,0,0
253,1499,0,1.3,0,0,0,1,0,0,0,0,0,0,"Unisex Teen, Unisex Adult",0,0,0,0,0,0,0,0,1,0,0,0
254,1499,1,1.69,0,0,0,1,0,0,0,0,0,0,"Unisex Teen, Unisex Adult",0,1,0,0,0,0,0,0,0,0,0,0
255,1999,0,1.69,1,0,0,1,0,0,0,1,0,0,"Unisex Teen, Unisex Adult",0,0,0,0,0,1,0,0,0,0,0,0
256,2599,1,1.69,1,1,1,1,0,1,0,1,0,0,"Unisex Teen, Unisex Adult",0,1,0,0,0,0,0,0,0,0,0,0
257,1449,0,1.69,0,0,0,1,0,0,0,0,0,0,"Unisex Teen, Unisex Adult",0,0,0,0,0,1,0,0,0,0,0,0
258,1999,1,1.69,1,0,0,1,0,0,0,1,0,0,"Unisex Teen, Unisex Adult",0,1,0,0,0,0,0,0,0,0,0,0
259,1899,1,1.75,1,0,0,1,0,0,0,1,0,0,"Unisex Teen, Unisex Adult",1,0,0,0,0,0,0,0,0,0,0,0
260,3499,1,1.78,1,1,1,1,1,1,0,1,0,0,"Unisex Teen, Unisex Adult",0,0,0,1,0,0,0,0,0,0,0,0
261,11472,1,1.69,1,1,1,1,1,1,1,1,1,1,"Unisex Teen, Unisex Adult",1,0,0,0,0,0,0,0,0,0,0,0
262,1999,1,1.81,1,0,0,1,0,0,0,1,0,0,"Unisex Teen, Unisex Adult",0,1,0,0,0,0,0,0,0,0,0,0
263,3803,1,1.69,1,1,1,1,1,1,0,1,0,0,"Unisex Teen, Unisex Adult",1,0,0,0,0,0,0,0,0,0,0,0
264,1899,0,1.69,1,0,0,1,0,0,0,1,0,0,"Unisex Teen, Unisex Adult",1,0,0,0,0,0,0,0,0,0,0,0
265,1449,0,1.69,0,0,0,1,0,0,0,0,0,0,"Unisex Teen, Unisex Adult",0,0,0,0,0,1,0,0,0,0,0,0
266,1999,1,1.69,1,0,0,1,0,0,0,1,0,0,"Unisex Teen, Unisex Adult",0,1,0,0,0,0,0,0,0,0,0,0
267,1899,1,1.75,1,0,0,1,0,0,0,1,0,0,"Unisex Teen, Unisex Adult",1,0,0,0,0,0,0,0,0,0,0,0
268,1499,0,1.69,0,0,0,1,0,0,0,0,0,0,"Unisex Teen, Unisex Adult",1,0,0,0,0,0,0,0,0,0,0,0
269,11472,0,1.69,1,1,1,1,1,1,1,1,1,1,"Unisex Teen, Unisex Adult",1,0,0,0,0,0,0,0,0,0,0,0
270,1999,1,1.81,1,0,0,1,0,0,0,1,0,0,"Unisex Teen, Unisex Adult",0,1,0,0,0,0,0,0,0,0,0,0
271,3803,1,1.69,1,1,1,1,1,1,0,1,0,0,"Unisex Teen, Unisex Adult",1,0,0,0,0,0,0,0,0,0,0,0
272,1499,0,1.69,0,0,0,1,0,0,0,0,0,0,"Unisex Teen, Unisex Adult",1,0,0,0,0,0,0,0,0,0,0,0
273,1499,1,1.69,0,0,0,1,0,0,0,0,0,0,"Unisex Teen, Unisex Adult",1,0,0,0,0,0,0,0,0,0,0,0
274,2299,1,1.69,1,1,1,1,0,1,0,1,0,0,"Unisex Teen, Unisex Adult",0,0,0,0,0,1,0,0,0,0,0,0
275,2699,0,1.54,1,1,1,1,0,1,0,1,0,0,"Unisex Teen, Unisex Adult",1,0,0,0,0,0,0,0,0,0,0,0
276,1499,0,1.3,0,0,0,1,0,0,0,0,0,0,"Unisex Teen, Unisex Adult",1,0,0,0,0,0,0,0,0,0,0,0
277,1499,0,1.69,0,0,0,1,0,0,0,0,0,0,"Unisex Teen, Unisex Adult",0,1,0,0,0,0,0,0,0,0,0,0
278,1799,0,1.69,1,0,0,1,0,0,0,1,0,0,"Unisex Teen, Unisex Adult",0,0,0,0,0,0,0,0,1,0,0,0
279,2999,1,1.69,1,1,1,1,0,1,0,1,0,0,"Unisex Teen, Unisex Adult",1,0,0,0,0,0,0,0,0,0,0,0
280,2299,1,1.69,1,1,1,1,0,1,0,1,0,0,"Unisex Teen, Unisex Adult",0,0,0,1,0,0,0,0,0,0,0,0
281,1999,0,1.69,1,0,0,1,0,0,0,1,0,0,"Unisex Teen, Unisex Adult",1,0,0,0,0,0,0,0,0,0,0,0
282,1799,1,1.69,1,0,0,1,0,0,0,1,0,0,"Unisex Teen, Unisex Adult",0,0,0,0,0,0,0,0,1,0,0,0
283,1799,0,1.69,1,0,0,1,0,0,0,1,0,0,"Unisex Teen, Unisex Adult",0,0,0,1,0,0,0,0,0,0,0,0
284,1499,0,1.3,0,0,0,1,0,0,0,0,0,0,"Unisex Teen, Unisex Adult",0,0,0,0,0,0,0,0,1,0,0,0
285,1499,1,1.69,0,0,0,1,0,0,0,0,0,0,"Unisex Teen, Unisex Adult",0,1,0,0,0,0,0,0,0,0,0,0
286,1999,0,1.69,1,0,0,1,0,0,0,1,0,0,"Unisex Teen, Unisex Adult",0,0,0,0,0,1,0,0,0,0,0,0
287,1449,0,1.69,0,0,0,1,0,0,0,0,0,0,"Unisex Teen, Unisex Adult",0,0,0,0,0,1,0,0,0,0,0,0
288,1899,1,1.7,1,0,0,1,0,0,0,1,0,0,"Unisex Teen, Unisex Adult",1,0,0,0,0,0,0,0,0,0,0,0
289,3999,2,1.81,1,1,1,1,1,1,0,1,0,0,"Unisex Teen, Unisex Adult",1,0,0,0,0,0,0,0,0,0,0,0
290,1499,2,1.9,0,0,0,1,0,0,0,0,0,0,"Unisex Teen, Unisex Adult",1,0,0,0,0,0,0,0,0,0,0,0
291,4999,2,1.96,1,1,1,1,1,1,0,1,0,1,"Unisex Teen, Unisex Adult",1,0,0,0,0,0,0,0,0,0,0,0
292,2999,2,1.85,1,1,1,1,0,1,0,1,0,0,"Unisex Teen, Unisex Adult",1,0,0,0,0,0,0,0,0,0,0,0
293,5499,0,1.4,1,1,1,1,1,1,1,1,0,1,"Unisex Teen, Unisex Adult",1,0,0,0,0,0,0,0,0,0,0,0
294,2999,2,1.3,1,1,1,1,0,1,0,1,0,0,"Unisex Teen, Unisex Adult",1,0,0,0,0,0,0,0,0,0,0,0
295,3999,2,1.81,1,1,1,1,1,1,0,1,0,0,"Unisex Teen, Unisex Adult",0,1,0,0,0,0,0,0,0,0,0,0
296,3999,2,1.3,1,1,1,1,1,1,0,1,0,0,"Unisex Teen, Unisex Adult",0,0,1,0,0,0,0,0,0,0,0,0
297,3999,2,1.81,1,1,1,1,1,1,0,1,0,0,"Unisex Teen, Unisex Adult",0,0,0,0,0,1,0,0,0,0,0,0
298,3499,2,1.75,1,1,1,1,1,1,0,1,0,0,"Unisex Teen, Unisex Adult",1,0,0,0,0,0,0,0,0,0,0,0
299,3999,2,1.9,1,1,1,1,1,1,0,1,0,0,"Unisex Teen, Unisex Adult",1,0,0,0,0,0,0,0,0,0,0,0
300,4999,1,1.78,1,1,1,1,1,1,0,1,0,1,"Unisex Teen, Unisex Adult",1,0,0,0,0,0,0,0,0,0,0,0
301,3999,0,1.69,1,1,1,1,1,1,0,1,0,0,"Unisex Teen, Unisex Adult",0,1,0,0,0,0,0,0,0,0,0,0
302,5499,0,1.4,1,1,1,1,1,1,1,1,0,1,"Unisex Teen, Unisex Adult",0,1,0,0,0,0,0,0,0,0,0,0
303,2999,2,1.3,1,1,1,1,0,1,0,1,0,0,"Unisex Teen, Unisex Adult",1,0,0,0,0,0,0,0,0,0,0,0
304,1499,2,1.9,0,0,0,1,0,0,0,0,0,0,"Unisex Teen, Unisex Adult",0,1,0,0,0,0,0,0,0,0,0,0
305,3999,2,1.9,1,1,1,1,1,1,0,1,0,0,"Unisex Teen, Unisex Adult",0,0,0,0,0,0,0,0,0,1,0,0
306,4999,2,1.96,1,1,1,1,1,1,0,1,0,1,"Unisex Teen, Unisex Adult",0,0,0,0,0,0,0,0,0,1,0,0
307,3999,2,1.3,1,1,1,1,1,1,0,1,0,0,"Unisex Teen, Unisex Adult",1,0,0,0,0,0,0,0,0,0,0,0
308,419,1,1.69,0,0,0,0,0,0,0,0,0,0,"Unisex Teen, Unisex Adult",1,0,0,0,0,0,0,0,0,0,0,0
309,3999,2,1.9,1,1,1,1,1,1,0,1,0,0,"Unisex Teen, Unisex Adult",0,1,0,0,0,0,0,0,0,0,0,0
310,3499,2,1.3,1,1,1,1,1,1,0,1,0,0,"Unisex Teen, Unisex Adult",1,0,0,0,0,0,0,0,0,0,0,0
311,4999,2,1.96,1,1,1,1,1,1,0,1,0,1,"Unisex Teen, Unisex Adult",0,1,0,0,0,0,0,0,0,0,0,0
312,3499,0,1.69,1,1,1,1,1,1,0,1,0,0,"Unisex Teen, Unisex Adult",1,0,0,0,0,0,0,0,0,0,0,0
313,15700,1,1.73,1,1,1,1,1,1,1,1,1,1,"Unisex Teen, Unisex Adult",1,0,0,0,0,0,0,0,0,0,0,0
314,11999,0,1.69,1,1,1,1,1,1,1,1,1,1,"Unisex Teen, Unisex Adult",0,0,0,0,0,0,0,0,0,1,0,0
315,19150,1,1.4,1,1,1,1,1,1,1,1,1,1,"Unisex Teen, Unisex Adult",1,0,0,0,0,0,0,0,0,0,0,0
316,30999,1,1.69,1,1,1,1,1,1,1,1,1,1,"Unisex Teen, Unisex Adult",1,0,0,0,0,0,0,0,0,0,1,0
317,15999,1,1.69,1,1,1,1,1,1,1,1,1,1,"Unisex Teen, Unisex Adult",1,0,0,0,0,0,0,0,0,0,0,0
318,17500,1,1.8,1,1,1,1,1,1,1,1,1,1,"Unisex Teen, Unisex Adult",1,0,0,0,0,0,0,0,0,0,0,0
319,15600,1,1.65,1,1,1,1,1,1,1,1,1,1,"Unisex Teen, Unisex Adult",0,0,0,0,0,0,0,0,0,1,0,0
320,11472,1,1.73,1,1,1,1,1,1,1,1,1,1,"Unisex Teen, Unisex Adult",1,0,0,0,0,0,0,0,0,0,0,0
321,29999,1,1.69,1,1,1,1,1,1,1,1,1,1,"Unisex Teen, Unisex Adult",0,0,0,0,0,0,0,0,0,1,1,0
322,1234,1,1.4,0,0,0,1,0,0,0,0,0,0,"Unisex Teen, Unisex Adult",1,0,0,0,0,0,0,0,0,0,0,0
323,11472,1,1.73,1,1,1,1,1,1,1,1,1,1,"Unisex Teen, Unisex Adult",1,0,0,0,0,0,0,0,0,0,0,0
324,7999,0,1.2,1,1,1,1,1,1,1,1,0,1,"Unisex Teen, Unisex Adult",0,0,0,0,1,0,0,0,0,0,0,0
325,16390,1,1.69,1,1,1,1,1,1,1,1,1,1,"Unisex Teen, Unisex Adult",1,0,0,0,0,0,0,0,0,0,1,0
326,28999,1,1.69,1,1,1,1,1,1,1,1,1,1,"Unisex Teen, Unisex Adult",0,0,0,0,0,0,0,0,0,1,1,0
327,30999,1,1.69,1,1,1,1,1,1,1,1,1,1,"Unisex Teen, Unisex Adult",0,1,0,0,0,0,0,0,0,0,1,0
328,599,1,1.69,0,0,0,0,0,0,0,0,0,0,"Unisex Teen, Unisex Adult",0,0,0,0,0,0,0,0,0,1,0,0
329,11472,1,1.69,1,1,1,1,1,1,1,1,1,1,"Unisex Teen, Unisex Adult",1,0,0,0,0,0,0,0,0,0,0,0
330,11472,1,1.69,1,1,1,1,1,1,1,1,1,1,"Unisex Teen, Unisex Adult",0,0,0,0,0,1,0,0,0,0,1,0
331,20100,1,1.69,1,1,1,1,1,1,1,1,1,1,"Unisex Teen, Unisex Adult",0,0,0,1,0,0,0,0,0,0,1,0
332,1099,1,1.39,0,0,0,1,0,0,0,0,0,0,"Unisex Teen, Unisex Adult",0,1,0,0,0,0,0,0,0,0,0,0
333,1099,1,1.39,0,0,0,1,0,0,0,0,0,0,"Unisex Teen, Unisex Adult",1,0,0,0,0,0,0,0,0,0,0,0
334,2199,0,1.73,1,1,1,1,0,0,0,1,0,0,"Unisex Teen, Unisex Adult",1,0,0,0,0,0,0,0,0,0,0,0
335,3599,0,1.77,1,1,1,1,1,1,0,1,0,0,"Unisex Teen, Unisex Adult",1,0,0,0,0,0,0,0,0,0,0,0
336,1799,0,1.68,1,0,0,1,0,0,0,1,0,0,"Unisex Teen, Unisex Adult",1,0,0,0,0,0,0,0,0,0,0,0
337,1799,0,1.69,1,0,0,1,0,0,0,1,0,0,"Unisex Teen, Unisex Adult",0,1,0,0,0,0,0,0,0,0,0,0
338,2299,1,1.25,1,1,1,1,0,1,0,1,0,0,"Unisex Teen, Unisex Adult",0,0,0,0,1,0,0,0,0,0,0,0
339,2199,0,1.69,1,1,1,1,0,0,0,1,0,0,"Unisex Teen, Unisex Adult",0,0,0,0,1,0,0,0,0,0,0,0
340,2499,0,1.73,1,1,1,1,0,1,0,1,0,0,"Unisex Teen, Unisex Adult",1,0,0,0,0,0,0,0,0,0,0,0
341,4499,1,1.69,1,1,1,1,1,1,0,1,0,1,"Unisex Teen, Unisex Adult",0,0,0,0,0,0,1,0,0,0,0,0
342,2180,0,1.73,1,1,1,1,0,0,0,1,0,0,"Unisex Teen, Unisex Adult",0,0,0,0,0,0,0,0,0,1,0,0
343,2449,0,1.69,1,1,1,1,0,1,0,1,0,0,"Unisex Teen, Unisex Adult",0,0,0,0,0,0,0,0,0,1,0,0
344,2199,0,1.84,1,1,1,1,0,0,0,1,0,0,"Unisex Teen, Unisex Adult",1,0,0,0,0,0,0,0,0,0,0,0
345,1999,0,1.68,1,0,0,1,0,0,0,1,0,0,"Unisex Teen, Unisex Adult",0,0,0,0,0,0,0,0,0,1,0,0
346,1999,0,1.68,1,0,0,1,0,0,0,1,0,0,"Unisex Teen, Unisex Adult",1,0,0,0,0,0,0,0,0,0,0,0
347,11472,1,1.73,1,1,1,1,1,1,1,1,1,1,"Unisex Teen, Unisex Adult",1,0,0,0,0,0,0,0,0,0,0,0
348,1999,0,1.73,1,0,0,1,0,0,0,1,0,0,"Unisex Teen, Unisex Adult",0,0,0,0,0,0,0,0,0,1,0,0
349,11472,1,1.73,1,1,1,1,1,1,1,1,1,1,"Unisex Teen, Unisex Adult",0,0,0,0,0,0,0,0,0,1,0,0
350,2236,0,1.25,1,1,1,1,0,1,0,1,0,0,"Unisex Teen, Unisex Adult",0,0,0,0,0,0,0,0,0,1,0,0
351,1799,0,1.68,1,0,0,1,0,0,0,1,0,0,"Unisex Teen, Unisex Adult",0,0,0,0,0,1,0,0,0,0,0,0
352,1999,0,1.78,1,0,0,1,0,0,0,1,0,0,"Unisex Teen, Unisex Adult",0,1,0,0,0,0,0,0,0,0,0,0
353,3499,0,1.78,1,1,1,1,1,1,0,1,0,0,"Unisex Teen, Unisex Adult",1,0,0,0,0,0,0,0,0,0,0,0
354,3499,0,1.78,1,1,1,1,1,1,0,1,0,0,"Unisex Teen, Unisex Adult",0,0,0,0,0,0,0,0,0,1,0,0
355,1399,0,1.69,0,0,0,1,0,0,0,0,0,0,"Unisex Teen, Unisex Adult",0,1,0,0,0,0,0,0,0,0,0,0
356,1799,0,1.69,1,0,0,1,0,0,0,1,0,0,"Unisex Teen, Unisex Adult",1,0,0,0,0,0,0,0,0,0,0,0
357,2495,1,1.69,1,1,1,1,0,1,0,1,0,0,"Unisex Teen, Unisex Adult",0,0,0,0,0,1,0,0,0,0,0,0
358,4995,1,1.8,1,1,1,1,1,1,0,1,0,1,"Unisex Teen, Unisex Adult",1,0,0,0,0,0,0,0,0,0,0,0
359,2495,0,1.69,1,1,1,1,0,1,0,1,0,0,"Unisex Teen, Unisex Adult",1,0,0,0,0,0,0,0,0,0,0,0
360,4995,0,1.8,1,1,1,1,1,1,0,1,0,1,"Unisex Teen, Unisex Adult",0,0,0,0,0,1,0,0,0,0,0,0
361,4995,0,1.8,1,1,1,1,1,1,0,1,0,1,"Unisex Teen, Unisex Adult",0,1,0,0,0,0,0,0,0,0,0,0
362,4746,0,1.8,1,1,1,1,1,1,0,1,0,1,"Unisex Teen, Unisex Adult",0,0,0,0,0,0,0,1,0,0,0,0
363,2995,0,1.5,1,1,1,1,0,1,0,1,0,0,"Unisex Teen, Unisex Adult",1,0,0,0,0,0,0,0,0,0,0,0
364,2495,0,1.65,1,1,1,1,0,1,0,1,0,0,"Unisex Teen, Unisex Adult",0,1,0,0,0,0,0,0,0,0,0,0
365,2495,0,1.65,1,1,1,1,0,1,0,1,0,0,"Unisex Teen, Unisex Adult",0,0,0,0,0,1,0,0,0,0,0,0
366,2995,0,1.5,1,1,1,1,0,1,0,1,0,0,"Unisex Teen, Unisex Adult",0,0,0,0,0,1,0,0,0,0,0,0
367,1494,0,1.69,0,0,0,1,0,0,0,0,0,0,"Unisex Teen, Unisex Adult",1,0,0,0,0,0,0,0,0,0,0,0
368,2495,1,1.69,1,1,1,1,0,1,0,1,0,0,"Unisex Teen, Unisex Adult",1,0,0,0,0,0,0,0,0,0,0,0
369,3495,2,1.3,1,1,1,1,1,1,0,1,0,0,"Unisex Teen, Unisex Adult",1,0,0,0,0,0,0,0,0,0,0,0
370,2995,2,1.5,1,1,1,1,0,1,0,1,0,0,"Unisex Teen, Unisex Adult",0,1,0,0,0,0,0,0,0,0,0,0
371,1494,2,1.69,0,0,0,1,0,0,0,0,0,0,"Unisex Teen, Unisex Adult",0,0,0,0,0,0,0,0,1,0,0,0
372,2995,0,1.5,1,1,1,1,0,1,0,1,0,0,"Unisex Teen, Unisex Adult",0,0,0,0,1,0,0,0,0,0,0,0
373,1494,0,1.69,0,0,0,1,0,0,0,0,0,0,"Unisex Teen, Unisex Adult",0,0,0,0,0,0,0,0,1,0,0,0
374,2495,0,1.69,1,1,1,1,0,1,0,1,0,0,"Unisex Teen, Unisex Adult",0,1,0,0,0,0,0,0,0,0,0,0
375,3495,1,1.3,1,1,1,1,1,1,0,1,0,0,"Unisex Teen, Unisex Adult",0,0,0,0,0,1,0,0,0,0,0,0
376,1494,2,1.69,0,0,0,1,0,0,0,0,0,0,"Unisex Teen, Unisex Adult",0,0,0,0,0,1,0,0,0,0,0,0
377,6995,1,1.3,1,1,1,1,1,1,1,1,0,1,"Unisex Teen, Unisex Adult",1,0,0,0,0,0,0,0,0,0,0,0
378,1494,2,1.69,0,0,0,1,0,0,0,0,0,0,"Unisex Teen, Unisex Adult",0,0,0,1,0,0,0,0,0,0,0,0
379,6995,2,1.3,1,1,1,1,1,1,1,1,0,1,"Unisex Teen, Unisex Adult",0,1,0,0,0,0,0,0,0,0,0,0
380,2495,0,1.69,1,1,1,1,0,1,0,1,0,0,"Unisex Teen, Unisex Adult",0,0,0,0,0,0,0,0,1,0,0,0
381,6995,0,1.3,1,1,1,1,1,1,1,1,0,1,"Unisex Teen, Unisex Adult",0,0,0,0,0,1,0,0,0,0,0,0
382,1599,1,1.69,1,0,0,1,0,0,0,1,0,0,"Unisex Teen, Unisex Adult",1,0,0,0,0,0,0,0,0,0,0,0
383,42989,2,1.69,1,1,1,1,1,1,1,1,1,1,"Unisex Teen, Unisex Adult",1,0,0,0,0,0,0,0,0,0,0,1
384,85390,2,1.69,1,1,1,1,1,1,1,1,1,1,"Unisex Teen, Unisex Adult",0,0,0,1,0,0,0,0,0,0,0,0
385,89899,0,1.69,1,1,1,1,1,1,1,1,1,1,"Unisex Teen, Unisex Adult",0,0,0,0,0,0,0,0,0,1,0,0
386,44523,0,1.69,1,1,1,1,1,1,1,1,1,1,"Unisex Teen, Unisex Adult",0,0,0,0,0,0,0,0,0,1,0,1
387,53900,1,1.69,1,1,1,1,1,1,1,1,1,1,"Unisex Teen, Unisex Adult",0,0,0,0,0,0,0,0,0,1,0,1
388,77899,1,1.69,1,1,1,1,1,1,1,1,1,1,"Unisex Teen, Unisex Adult",1,0,0,0,0,0,0,0,0,0,0,0
389,43605,1,1.69,1,1,1,1,1,1,1,1,1,1,"Unisex Teen, Unisex Adult",0,0,0,0,0,0,0,0,0,1,0,1
390,82899,1,1.69,1,1,1,1,1,1,1,1,1,1,"Unisex Teen, Unisex Adult",1,0,0,0,0,0,0,0,0,0,0,0
391,87203,1,1.69,1,1,1,1,1,1,1,1,1,1,"Unisex Teen, Unisex Adult",1,0,0,0,0,0,0,0,0,0,0,0
392,55955,1,1.69,1,1,1,1,1,1,1,1,1,1,"Unisex Teen, Unisex Adult",1,0,0,0,0,0,0,0,0,0,0,1
393,29003,1,1.69,1,1,1,1,1,1,1,1,1,1,"Unisex Teen, Unisex Adult",1,0,0,0,0,0,0,0,0,0,0,0
394,46899,1,1.69,1,1,1,1,1,1,1,1,1,1,"Unisex Teen, Unisex Adult",1,0,0,0,0,0,0,0,0,0,0,1
395,77899,1,1.69,1,1,1,1,1,1,1,1,1,1,"Unisex Teen, Unisex Adult",1,0,0,0,0,0,0,0,0,0,0,1
396,45899,1,1.69,1,1,1,1,1,1,1,1,1,1,"Unisex Teen, Unisex Adult",0,0,0,0,0,0,0,0,0,1,0,1
397,77899,1,1.69,1,1,1,1,1,1,1,1,1,1,"Unisex Teen, Unisex Adult",0,0,1,0,0,0,0,0,0,0,0,1
398,82353,1,1.69,1,1,1,1,1,1,1,1,1,1,"Unisex Teen, Unisex Adult",0,0,1,0,0,0,0,0,0,0,0,1
399,53900,1,1.69,1,1,1,1,1,1,1,1,1,1,"Unisex Teen, Unisex Adult",1,0,0,0,0,0,0,0,0,0,0,1
400,83989,0,1.69,1,1,1,1,1,1,1,1,1,1,"Unisex Teen, Unisex Adult",1,0,0,0,0,0,0,0,0,0,0,0
401,83989,0,1.69,1,1,1,1,1,1,1,1,1,1,"Unisex Teen, Unisex Adult",1,0,0,0,0,0,0,0,0,0,0,0
402,77899,2,1.69,1,1,1,1,1,1,1,1,1,1,"Unisex Teen, Unisex Adult",0,0,0,0,0,0,0,0,0,1,0,0
403,55900,2,1.69,1,1,1,1,1,1,1,1,1,1,"Unisex Teen, Unisex Adult",0,0,0,0,0,0,0,0,0,1,0,1
404,46390,2,1.69,1,1,1,1,1,1,1,1,1,1,"Unisex Teen, Unisex Adult",0,0,0,0,0,0,0,0,0,1,0,1
405,55955,2,1.69,1,1,1,1,1,1,1,1,1,1,"Unisex Teen, Unisex Adult",0,0,0,0,0,0,0,0,0,1,0,1
406,89899,0,1.69,1,1,1,1,1,1,1,1,1,1,"Unisex Teen, Unisex Adult",0,0,0,1,0,0,0,0,0,0,0,0
407,11900,0,1.34,1,1,1,1,1,1,1,1,1,1,"Unisex Teen, Unisex Adult",0,0,0,0,0,0,0,0,1,0,0,0
408,11454,0,1.34,1,1,1,1,1,1,1,1,1,1,"Unisex Teen, Unisex Adult",1,0,0,0,0,0,0,0,0,0,0,0
409,16999,0,1.58,1,1,1,1,1,1,1,1,1,1,"Unisex Teen, Unisex Adult",0,1,0,0,0,0,0,0,0,0,0,0
410,15999,0,1.58,1,1,1,1,1,1,1,1,1,1,"Unisex Teen, Unisex Adult",0,0,0,0,0,1,0,0,0,0,0,0
411,17999,0,1.58,1,1,1,1,1,1,1,1,1,1,"Unisex Teen, Unisex Adult",0,0,0,0,0,0,0,0,0,1,0,0
412,18225,0,1.58,1,1,1,1,1,1,1,1,1,1,"Unisex Teen, Unisex Adult",1,0,0,0,0,0,0,0,0,0,0,0
413,16999,0,1.34,1,1,1,1,1,1,1,1,1,1,"Unisex Teen, Unisex Adult",0,1,0,0,0,0,0,0,0,0,0,0
414,15945,0,1.69,1,1,1,1,1,1,1,1,1,1,"Unisex Teen, Unisex Adult",0,1,0,0,0,0,0,0,0,0,0,0
415,24999,0,1.58,1,1,1,1,1,1,1,1,1,1,"Unisex Teen, Unisex Adult",0,0,0,0,0,0,0,0,0,1,0,0
416,15999,0,1.58,1,1,1,1,1,1,1,1,1,1,"Unisex Teen, Unisex Adult",1,0,0,0,0,0,0,0,0,0,0,0
417,16999,0,1.58,1,1,1,1,1,1,1,1,1,1,"Unisex Teen, Unisex Adult",1,0,0,0,0,0,0,0,0,0,0,0
418,19870,0,1.69,1,1,1,1,1,1,1,1,1,1,"Unisex Teen, Unisex Adult",0,0,0,0,0,0,0,0,0,1,0,0
419,11472,0,1.69,1,1,1,1,1,1,1,1,1,1,"Unisex Teen, Unisex Adult",0,0,0,0,0,0,0,0,1,0,0,0
420,16999,0,1.69,1,1,1,1,1,1,1,1,1,1,"Unisex Teen, Unisex Adult",0,0,0,0,0,0,0,0,1,0,0,0
421,16999,0,1.58,1,1,1,1,1,1,1,1,1,1,"Unisex Teen, Unisex Adult",0,0,0,0,0,0,0,0,1,0,0,0
422,13495,0,1.57,1,1,1,1,1,1,1,1,1,1,"Unisex Teen, Unisex Adult",1,0,0,0,0,0,0,0,0,0,0,0
423,11472,0,1.58,1,1,1,1,1,1,1,1,1,1,"Unisex Teen, Unisex Adult",1,0,0,0,0,0,0,0,0,0,0,0
424,24999,0,1.58,1,1,1,1,1,1,1,1,1,1,"Unisex Teen, Unisex Adult",0,0,0,0,0,0,0,0,0,1,0,0
425,11472,0,1.34,1,1,1,1,1,1,1,1,1,1,"Unisex Teen, Unisex Adult",1,0,0,0,0,0,0,0,0,0,0,0
426,24949,0,1.58,1,1,1,1,1,1,1,1,1,1,"Unisex Teen, Unisex Adult",1,0,0,0,0,0,0,0,0,0,0,0
427,11472,0,1.58,1,1,1,1,1,1,1,1,1,1,"Unisex Teen, Unisex Adult",1,0,0,0,0,0,0,0,0,0,0,0
428,8999,0,0.74,1,1,1,1,1,1,1,1,0,1,"Unisex Teen, Unisex Adult",0,0,0,0,0,1,0,0,0,0,0,0
429,5999,0,2.0,1,1,1,1,1,1,1,1,0,1,"Unisex Teen, Unisex Adult",1,0,0,0,0,0,0,0,0,0,0,0
430,5666,0,0.72,1,1,1,1,1,1,1,1,0,1,"Unisex Teen, Unisex Adult",1,0,0,0,0,0,0,0,0,0,0,0
431,5995,1,1.78,1,1,1,1,1,1,1,1,0,1,"Unisex Teen, Unisex Adult",1,0,0,0,0,0,0,0,0,0,0,0
432,5995,1,1.78,1,1,1,1,1,1,1,1,0,1,"Unisex Teen, Unisex Adult",0,0,0,0,0,0,0,1,0,0,0,0
433,5995,1,1.78,1,1,1,1,1,1,1,1,0,1,"Unisex Teen, Unisex Adult",0,0,0,1,0,0,0,0,0,0,0,0
434,8995,1,1.32,1,1,1,1,1,1,1,1,0,1,"Unisex Teen, Unisex Adult",1,0,0,0,0,0,0,0,0,0,0,0
435,9995,0,1.39,1,1,1,1,1,1,1,1,0,1,"Unisex Teen, Unisex Adult",1,0,0,0,0,0,0,0,0,0,0,0
436,11995,1,1.77,1,1,1,1,1,1,1,1,1,1,"Unisex Teen, Unisex Adult",1,0,0,0,0,0,0,0,0,0,0,0
437,5995,2,1.78,1,1,1,1,1,1,1,1,0,1,"Unisex Teen, Unisex Adult",0,1,0,0,0,0,0,0,0,0,0,0
438,11995,2,1.77,1,1,1,1,1,1,1,1,1,1,"Unisex Teen, Unisex Adult",0,0,0,0,0,1,0,0,0,0,0,0
439,10495,2,1.69,1,1,1,1,1,1,1,1,1,1,"Unisex Teen, Unisex Adult",0,0,0,0,0,0,0,0,0,1,0,0
440,11995,2,1.77,1,1,1,1,1,1,1,1,1,1,"Unisex Teen, Unisex Adult",0,1,0,0,0,0,0,0,0,0,0,0
441,14995,2,1.39,1,1,1,1,1,1,1,1,1,1,"Unisex Teen, Unisex Adult",0,1,0,0,0,0,0,0,0,0,0,0
442,11995,2,1.77,1,1,1,1,1,1,1,1,1,1,"Unisex Teen, Unisex Adult",0,0,0,1,0,0,0,0,0,0,0,0
443,11472,0,1.39,1,1,1,1,1,1,1,1,1,1,"Unisex Teen, Unisex Adult",1,0,0,0,0,0,0,0,0,0,0,0
444,11995,1,1.77,1,1,1,1,1,1,1,1,1,1,"Unisex Teen, Unisex Adult",0,0,0,0,0,0,1,0,0,0,0,0
445,14995,0,1.39,1,1,1,1,1,1,1,1,1,1,"Unisex Teen, Unisex Adult",0,0,0,0,1,0,0,0,0,0,0,0
446,5245,0,1.69,1,1,1,1,1,1,1,1,0,1,"Unisex Teen, Unisex Adult",1,0,0,0,0,0,0,0,0,0,0,0
447,8995,0,1.78,1,1,1,1,1,1,1,1,0,1,"Unisex Teen, Unisex Adult",1,0,0,0,0,0,0,0,0,0,0,0
448,4500,0,1.69,1,1,1,1,1,1,0,1,0,1,"Unisex Teen, Unisex Adult",1,0,0,0,0,0,0,0,0,0,0,0
449,5247,0,1.69,1,1,1,1,1,1,1,1,0,1,"Unisex Teen, Unisex Adult",1,0,0,0,0,0,0,0,0,0,0,0
450,11472,0,1.69,1,1,1,1,1,1,1,1,1,1,"Unisex Teen, Unisex Adult",1,0,0,0,0,0,0,0,0,0,0,0
451,8995,0,1.78,1,1,1,1,1,1,1,1,0,1,"Unisex Teen, Unisex Adult",1,0,0,0,0,0,0,0,0,0,0,0
452,11995,0,1.22,1,1,1,1,1,1,1,1,1,1,"Unisex Teen, Unisex Adult",1,0,0,0,0,0,0,0,0,0,0,0
453,11472,0,1.22,1,1,1,1,1,1,1,1,1,1,"Unisex Teen, Unisex Adult",0,0,0,0,0,0,0,0,1,0,0,0
454,11472,0,1.69,1,1,1,1,1,1,1,1,1,1,"Unisex Teen, Unisex Adult",0,0,0,1,0,0,0,0,0,0,0,0
